career_talk_id,company_name,meet_name,meet_time,meet_day,address,room,company_property,scale,industry_category,city_name,professionals,career_type,a_meet_end_time,a_meet_time,career_state,company_id,hotcount,is_above_bachelor_degree,is_above_college_degree,is_above_doctor_degree,is_above_master_degree,is_yun,meet_day_d,meet_day_m,meet_type,overdue,recruit_type,school_name,view_count
609618,泸州朴乐教育科技有限公司,朴乐泸州翰林学校2024届校园招聘,18:00,2023-12-28,线上专场宣讲会,,其他企业（含民营企业等）,50-150人,教育,泸州市,不限专业,,,1703757600,0,517651,0,1,0,0,0,1,28,12,1,0,,,3393
609415,重庆市经贸中等专业学校,重庆市经贸中等专业学校教师招聘,10:30,2023-12-26,学生活动中心A101,,中等、初等教育单位,500-1000人,教育,重庆市,不限专业,,,1703557800,0,510923,0,1,0,0,0,0,26,12,0,0,,,3296
609267,宁波力劲塑机智造有限公司,宁波力劲塑机智造有限公司空中宣讲会,15:50,2023-12-25,线上专场宣讲会,,外商投资企业,1000-5000人,制造业,杭州市,高分子材料与工程、机械制造及其自动化、机械设计制造及其自动化、车辆工程、人力资源管理、不限专业,,,1703490600,0,82815,4,1,0,0,0,1,25,12,1,0,,,4738
609085,中国化学工程第七建设有限公司,中国化学工程第七建设有限公司海外分公司 2024届校园招聘,16:00,2023-12-14,线上专场宣讲会,,国有企业,1000-5000人,建筑业,成都市,不限专业,,,1702540800,0,78426,31,1,0,0,0,1,14,12,2,0,,,4270
608884,深圳慧通商务有限公司,华为慧通2024届智选车校园招聘专场宣讲会,14:00,2023-12-14,学生活动中心A101,,其他企业（含民营企业等）,5000-10000人,信息传输、软件和信息技术服务业,深圳市,不限专业,,,1702533600,0,164152,17,1,0,0,0,0,14,12,0,0,,,4415
608865,重庆市渝西快线建设运营有限公司,重庆璧铜线维保人员校园招聘会,14:00,2023-12-13,学生活动中心A101,,国有企业,500-1000人,交通运输、仓储和邮政业,重庆市,"物联网工程,电子信息,网络工程,计算机技术,计算机科学与技术,信息与通信工程,电子信息工程,通信工程,信息管理与信息系统,电气工程及其自动化,自动化,电气工程",,,1702447200,0,582811,0,1,0,0,0,0,13,12,0,0,,,3906
608743,南充三环电子有限公司,三环集团2024届管培生招聘,14:00,2023-12-12,学生活动中心A101,,其他企业（含民营企业等）,5000-10000人,制造业,南充市,不限专业,,,1702360800,0,207180,1,0,1,0,0,0,12,12,0,0,,,3869
608762,重庆红江机械有限责任公司,重庆红江机械有限责任公司,16:00,2023-12-08,学生活动中心A101,,国有企业,1000-5000人,制造业,永川,"电子信息,计算机科学与技术,电子信息工程,机械电子工程,机械设计制造及其自动化,测控技术与仪器,材料成型及控制工程,能源与动力工程",,,1702022400,0,306578,0,0,0,0,1,0,08,12,0,0,,,3536
608493,中国人民财产保险股份有限公司重庆市分公司,中国人民财产保险股份有限公司重庆市分公司,14:00,2023-12-07,学生活动中心A201,,国有企业,500-1000人,金融业,渝中,"机械设计制造及其自动化,汽车服务工程,电气工程及其自动化,车辆工程,应用化学,测控技术与仪器,材料与化工,材料学,材料成型及控制工程,材料科学与工程,自动化,工业工程,机械,信息管理与信息系统,电子信息,网络工程,计算机技术,计算机科学与技术,会计,会计学,财务管理,企业管理,工商管理,市场营销,技术经济及管理,管理科学与工程,行政管理,金融学,金融工程,应用统计,应用经济学,经济学,应用统计学",,1701934200,1701928800,0,170111,0,1,0,0,0,0,07,12,0,0,,,3163
608566,中国葛洲坝集团易普力股份有限公司,中国能建易普力公司2024届毕业生校园招聘,16:00,2023-12-06,学生活动中心A201,,国有企业,5000-10000人,采矿业,长沙市,"财务管理,机械工程,机械电子工程,机械设计制造及其自动化,测控技术与仪器",,,1701849600,0,83373,16,1,0,0,0,0,06,12,0,0,,,3082
608163,莱克电气股份有限公司,“大国品牌”-莱克集团2024校园招聘,14:00,2023-12-06,学生活动中心A101,,其他企业（含民营企业等）,5000-10000人,制造业,苏州市,"机械设计制造及其自动化,机械电子工程,机械工艺技术,机械工艺技术专业（中职教师）,机械工程,电气工程及其自动化,,电子信息工程,自动化,机械制造及其自动化",,,1701842400,0,69275,18,1,0,0,0,0,06,12,0,0,,,3392
607035,重庆富川机电有限公司,重庆富川（古圣）机电校园招聘宣讲,14:00,2023-12-05,学生活动中心A101,,其他企业（含民营企业等）,500-1000人,制造业,九龙半岛,"机器人工程,机械,机械工程,机械电子工程,机械设计制造及其自动化,测控技术与仪器",,,1701756000,0,174820,0,1,0,0,0,0,05,12,0,0,,,5023
607285,中国化学工程第七建设有限公司,中国化学工程第七建设有限公司海外分公司 2024届校园招聘,15:00,2023-12-01,线上专场宣讲会,,国有企业,1000-5000人,建筑业,成都市,"应用化学,过程装备与控制工程,化学工程与工艺,化学工程与技术,材料与化工,不限专业,电气工程及其自动化,电子信息工程,电气工程",,,1701414000,0,78426,31,0,0,0,1,1,01,12,2,0,,,3903
608188,重庆信息通信研究院,中国信通院西部分院2024届校园招聘-重庆理工大学专场宣讲会,14:00,2023-12-01,学生活动中心A101,,科研设计单位,500-1000人,科学研究和技术服务业,重庆市,"电子信息,网络工程,计算机技术,计算机科学与技术,电子信息工程,通信工程,信息管理与信息系统,数据科学与大数据技术,物联网工程,电子与计算机工程,测试,信息与计算科学,测控技术与仪器,光电信息科学与工程,信息工程,工商管理,管理科学与工程,电子信息科学与技术,自动化,网络空间安全",,,1701410400,0,557798,0,1,0,0,0,0,01,12,0,0,,,3285
608137,上汽红岩汽车有限公司,上汽红岩汽车有限公司,10:30,2023-11-30,学生活动中心A201,,国有企业,5000-10000人,制造业,重庆市,"工业设计,机械,汽车服务工程,能源与动力工程",,,1701311400,0,471412,0,1,0,0,0,0,30,11,0,0,,,3426
607799,重庆两江新区人力资源开发服务中心有限公司,2023年两江新区“源来好创业”就业创业校企合作推介 活动,14:00,2023-11-29,学生活动中心A201,,国有企业,150-500人,信息传输、软件和信息技术服务业,重庆市,不限专业,,,1701237600,1,469318,0,1,0,0,0,0,29,11,0,0,,,2576
607704,四川酷比通信设备有限公司,酷赛集团 重庆研发中心,08:30,2023-11-29,学生活动中心A101,,其他企业（含民营企业等）,1000-5000人,信息传输、软件和信息技术服务业,宜宾市,"物联网工程,电子信息,计算机技术,计算机科学与技术,电子信息工程,通信工程,软件工程,光学工程",,,1701217800,1,575435,0,1,0,0,0,0,29,11,0,0,,,2654
602556,广东万翼电子商务有限公司,广东万翼电子商务有限公司,16:00,2023-11-24,学生活动中心A101,,其他企业（含民营企业等）,150-500人,批发和零售业,佛山市,"不限专业,国际经济与贸易,市场营销,电子商务,物流管理,会计,会计学,会计学（ACCA）,会计学（GAMA）,财务管理,财务管理（CIMA）",,,1700812800,0,148539,2,1,0,0,0,0,24,11,0,0,,,2606
606612,领新（重庆）新能源有限公司,领新（重庆）新能源有限公司,14:00,2023-11-24,学生活动中心A201,,其他企业（含民营企业等）,50-150人,制造业,重庆市,"机械工程,机械设计制造及其自动化,电气工程及其自动化,自动化,新能源科学与工程,材料成型及控制工程,高分子材料与工程,不限专业,机械类,材料与化工,过程装备与控制工程,仪器科学与技术,工业工程,机器人工程,机械,会计学,财务管理,材料类,应用化学,应用物理学,材料学",,,1700805600,0,564355,0,1,0,0,0,0,24,11,0,0,,,3969
607535,重庆惠科金渝光电科技有限公司,惠科集团2024届秋季校招-绵阳专场,14:00,2023-11-24,学生活动中心A101,,其他企业（含民营企业等）,1000-5000人,制造业,南岸,"仪器科学与技术,工业工程,机器人工程,机械,机械工程,机械电子工程,机械设计制造及其自动化,测控技术与仪器,信息与通信工程,光学工程,光电信息科学与工程,电子信息,电子信息工程,电气工程,电气工程及其自动化",,,1700805600,0,158246,5,1,0,0,0,0,24,11,0,0,,,2381
602887,地奥集团成都药业股份有限公司,地奥集团成都药业股份有限公司,10:30,2023-11-24,学生活动中心C108,,其他企业（含民营企业等）,500-1000人,卫生和社会工作,成都市,制药工程、生物制药、药学,,1700798400,1700793000,1,405241,0,1,0,0,0,0,24,11,0,0,,,2623
606389,道恩集团有限公司,道恩集团有限公司,10:30,2023-11-24,学生活动中心A201,,其他企业（含民营企业等）,1000-5000人,制造业,烟台市,"材料科学与工程,化学工程与工艺,化学工程与技术,应用化学,材料与化工,材料学,高分子材料与工程,不限专业,物流管理,海事管理,物流工程,机械,机械设计制造及其自动化,过程装备与控制工程,电气工程,电气工程及其自动化,自动化,机械工程,材料成型及控制工程,计算机技术,计算机科学与技术,商务英语,英语,国际经济与贸易",,,1700793000,0,50486,1,0,0,0,1,0,24,11,0,0,,,2592
605888,浙江石油化工有限公司,浙江石油化工有限公司,14:00,2023-11-23,学生活动中心A101,,其他企业（含民营企业等）,10000人以上,制造业,舟山市,"化学工程与工艺,化学工程与技术,应用化学,材料与化工,过程装备与控制工程,材料成型及控制工程,高分子材料与工程,化学,材料化学工程,机械制造及其自动化",,,1700719200,0,342241,24,0,0,0,0,0,23,11,0,0,,,1927
607123,重庆交通职业学院,重庆交通职业学院 2023-2024学年招聘,10:30,2023-11-23,学生活动中心A201,,高等教育单位,500-1000人,教育,江津,"物联网工程,电子信息,计算机科学与技术,机械设计制造及其自动化,自动化,车辆工程,电气工程及其自动化",,,1700706600,0,397635,0,0,0,0,1,0,23,11,0,0,,,2655
606441,深圳领威科技有限公司,力劲集团·深圳领威科技2024届秋季校园宣讲会,14:00,2023-11-22,学生活动中心A101,,其他企业（含民营企业等）,1000-5000人,制造业,深圳市,"自动化,计算机科学与技术,软件工程,电气工程,电气工程及其自动化,网络工程,电气工程与智能控制,工业工程,机械设计制造及其自动化,机械,机械工程,机械电子工程,测控技术与仪器,车辆工程,机械类,电气类,会计学,财务管理,不限专业",,,1700632800,0,69890,3,0,0,0,0,0,22,11,0,0,,,2819
606591,麦格纳动力总成（江西）有限公司,麦格纳动力总成（江西）有限公司 校园宣讲会 2024届,16:00,2023-11-21,学生活动中心A101,,外商投资企业,1000-5000人,制造业,南昌市,电气工程及其自动化,,,1700553600,0,403081,2,0,0,0,1,0,21,11,0,0,,,1978
605968,太极集团重庆涪陵制药厂有限公司,太极集团重庆涪陵制药厂有限公司宣讲会,14:00,2023-11-21,学生活动中心A201,,国有企业,1000-5000人,制造业,重庆市,"计算机科学与技术,电气工程及其自动化,自动化,机械工程,机械设计制造及其自动化,人工智能,数据科学与大数据技术,软件工程,知识产权,化学工程与工艺,化学工程与技术,制药工程,生物制药,生物医学工程,药学",,1700551800,1700546400,0,467563,1,1,0,0,0,0,21,11,0,0,,,5361
604942,伟世通汽车电子（重庆）有限公司,伟世通汽车电子（重庆）有限公司,14:00,2023-11-21,学生活动中心A101,,外商投资企业,少于50人,制造业,重庆市,"会计,会计学,财务管理,物流管理,不限专业,信息管理与信息系统,电子信息",,,1700546400,0,565975,0,1,0,0,0,0,21,11,0,0,,,2812
607307,重庆川维物流有限公司,重庆川维物流有限公司,10:30,2023-11-21,学生活动中心A101,,其他企业（含民营企业等）,500-1000人,交通运输、仓储和邮政业,长寿,"化学工程与工艺,安全工程,化学工程与技术,机械电子工程,机械设计制造及其自动化,电气工程及其自动化,自动化",,,1700533800,0,207250,1,1,0,0,0,0,21,11,0,0,,,2208
605343,重庆市亚中医疗仪器有限公司,亚中医疗2023年秋季宣讲会,16:00,2023-11-17,学生活动中心A101,,其他企业（含民营企业等）,500-1000人,批发和零售业,大渡口,"制药工程,生物制药,生物医学工程,药学",,,1700208000,0,308828,0,1,0,0,0,0,17,11,0,0,,,1871
605512,中国化学工程第七建设有限公司,中国化学工程第七建设有限公司海外分公司 2024届校园招聘,15:00,2023-11-17,线上专场宣讲会,,国有企业,1000-5000人,建筑业,成都市,"化学工程与工艺,化学工程与技术,应用化学,材料与化工,过程装备与控制工程,不限专业,电子信息工程,电气工程及其自动化,电气工程",,,1700204400,0,78426,31,0,0,0,1,1,17,11,2,0,,,2647
601965,嘉喆科技（嘉兴）股份有限公司,嘉喆科技（嘉兴）股份有限公司,14:00,2023-11-17,学生活动中心A201,,其他企业（含民营企业等）,150-500人,制造业,嘉兴市,"机械类,机械工程,机械设计制造及其自动化,材料成型及控制工程,机械电子工程,工业设计,过程装备与控制工程,不限专业,机械,机械制造及其自动化,机械设计及理论",,,1700200800,0,538177,0,0,0,0,1,0,17,11,0,0,,,3144
605038,浙江省建设投资集团股份有限公司,浙江省建设投资集团股份有限公司 2024届校园招聘,10:30,2023-11-17,学生活动中心A101,,国有企业,5000-10000人,建筑业,杭州市,"电气工程,工业工程,机械,机械工程,机械设计制造及其自动化,测控技术与仪器,材料与化工,过程装备与控制工程,电气工程及其自动化,电气测试技术与仪器,自动化,焊接技术与工程,工商管理,经济学,金融学,金融工程,会计,会计学,财务管理,市场营销",,,1700188200,0,327431,0,1,0,0,0,0,17,11,0,0,,,2793
596061,上海恩捷新材料科技有限公司,恩捷股份2024届校园招聘宣讲会,16:00,2023-11-16,学生活动中心A101,,外商投资企业,5000-10000人,制造业,上海市,"化学工程,化学工程与工艺,化学工程与技术,化学工艺,应用化学,材料学,材料工程,材料科学与工程,高分子材料与工程,材料与化工",,,1700121600,0,561228,0,1,0,0,0,0,16,11,0,0,,,3497
603530,深圳市联域光电股份有限公司,联域股份-在光的世界里，与你相遇,14:00,2023-11-16,学生活动中心A201,,其他企业（含民营企业等）,1000-5000人,制造业,深圳市,"机械,机械工程,机械电子工程,机械设计制造及其自动化,工业设计,光电信息科学与工程,电子信息,电子信息科学与技术,电子信息工程,电气工程及其自动化,自动化,通信工程,工业工程,信息与计算科学,应用物理学,数学与应用数学,机械设计制造及自动化,翻译,英语,英语笔译,国际经济与贸易",,1700119800,1700114400,0,34934,0,0,0,0,0,0,16,11,0,0,,,2739
603635,宜宾凯翼汽车有限公司,宜宾凯翼汽车有限公司,14:00,2023-11-16,学生活动中心A101,,国有企业,1000-5000人,制造业,宜宾市,不限专业,,,1700114400,0,159481,5,0,0,0,1,0,16,11,0,0,,,4041
606221,中科九微科技有限公司,激荡青春、逐梦起航,14:00,2023-11-15,学生活动中心A201,,其他企业（含民营企业等）,1000-5000人,制造业,南充市,"机械制造及其自动化,机械电子工程,机械设计制造及其自动化,机械工程,机械设计及理论,材料学,材料工程,材料成型及控制工程,机械设计与制造,焊接技术与工程,机械类,材料科学与工程,过程装备与控制工程,电气工程及其自动化,车辆工程,计算机科学与技术,电气工程,材料类,能源与动力工程,动力工程,动力工程及工程热物理,动力机械及工程,机械电子工程(流体传动与控制),流体力学,流体机械及工程,能源与动力工程(流体机械及工程),能源与动力工程(流体机械及工程)(红柳卓,能源动力类",,,1700028000,0,393113,0,1,0,0,0,0,15,11,0,0,,,1861
605339,雅安百图高新材料股份有限公司,雅安百图高新材料股份有限公司,14:00,2023-11-15,学生活动中心A101,,其他企业（含民营企业等）,150-500人,制造业,雅安市,"不限专业,材料科学与工程,高分子材料与工程,机械工程",,,1700028000,0,287885,0,1,0,0,0,0,15,11,0,0,,,2132
606057,盛泰光电科技股份有限公司,盛泰光电科技股份有限公司宣讲会,10:30,2023-11-15,学生活动中心A201,,其他企业（含民营企业等）,1000-5000人,制造业,大足,"材料成型及控制工程,材料科学与工程,商务英语,工商管理,市场营销,物流管理,管理科学与工程,工业工程,机械,光电信息科学与工程,电子信息,光学工程,物联网工程,网络工程,计算机技术,计算机科学与技术",,,1700015400,0,422140,0,0,0,0,0,0,15,11,0,0,,,2359
604866,凉山矿业股份有限公司,凉山矿业股份有限公司,10:30,2023-11-15,学生活动中心A101,,国有企业,1000-5000人,采矿业,凉山彝族自治州,"机械工程,机械电子工程,机械设计制造及其自动化,机械制造及其自动化,机械设计制造及其自动化(红柳基地班),测控技术与仪器,电气工程及其自动化,自动化,电气工程,电气工程及其自动化(红柳基地班),化学工程与工艺,化学工程与技术,应用化学,化学",,,1700015400,0,275150,0,1,0,0,0,0,15,11,0,0,,,2246
604490,重庆睿蓝汽车科技有限公司,重庆睿蓝汽车科技有限公司,19:00,2023-11-14,学生活动中心C108,,其他企业（含民营企业等）,1000-5000人,制造业,重庆市,"机械设计制造及其自动化,车辆工程,材料学,机械,电子信息,信息管理与信息系统,计算机技术,计算机科学与技术,电气工程及其自动化",,1699965000,1699959600,0,522963,0,1,0,0,0,0,14,11,0,0,,,5995
606527,华电新疆发电有限公司,华电新疆发电有限公司2024年度校园招聘宣讲会,16:00,2023-11-14,学生活动中心A101,,国有企业,5000-10000人,电力、热力、燃气及水生产和供应业,乌鲁木齐市,"化学工程与工艺,应用化学,机械设计制造及其自动化,测控技术与仪器,电气工程,电气工程及其自动化,能源动力,自动化,光学工程,光电信息科学与工程,电子信息工程",,1699954200,1699948800,0,1680,1,0,1,0,0,0,14,11,0,0,,,1672
604847,四川省宜宾普什集团有限公司,四川省宜宾普什集团有限公司,10:30,2023-11-14,学生活动中心A101,,国有企业,5000-10000人,制造业,宜宾市,"不限专业,电子信息,通信工程,材料与化工,材料化学,动力工程及工程热物理,工业设计,机械,机械工程,产业经济学,会计学,工商管理,市场营销,管理科学与工程,经济学,财务管理",,,1699929000,0,178498,8,1,0,0,0,0,14,11,0,0,,,3541
606239,中国长江三峡集团有限公司,中国长江三峡集团有限公司2024年校园招聘,16:00,2023-11-13,学生活动中心A101,,国有企业,10000人以上,水利、环境和公共设施管理业,海淀区,不限专业,,1699867800,1699862400,0,234113,9,1,0,0,0,0,13,11,0,0,,,3014
604945,中国水利水电第十二工程局有限公司,中国水利水电第十二工程局有限公司2024届校园招聘简章,14:00,2023-11-13,学生活动中心A201,,国有企业,1000-5000人,建筑业,杭州市,电气工程及其自动化,,,1699855200,0,50944,69,1,0,0,0,0,13,11,0,0,,,3119
588902,浙江海利得新材料股份有限公司,浙江海利得新材料股份有限公司2024届校园招聘,14:00,2023-11-13,学生活动中心A101,,其他企业（含民营企业等）,1000-5000人,制造业,嘉兴市,不限专业,,,1699855200,0,76035,0,1,0,0,0,0,13,11,0,0,,,3223
605315,深圳市步科电气有限公司,「步履不息，科创梦想」步科2024届校园招聘,10:30,2023-11-13,学生活动中心A101,,其他企业（含民营企业等）,500-1000人,制造业,深圳市,不限专业,,,1699842600,0,30463,0,1,0,0,0,0,13,11,0,0,,,2641
592904,索通发展股份有限公司,索通发展股份有限公司2024应届生校园招聘-重庆理工大学专场,19:00,2023-11-10,学生活动中心A101,,其他企业（含民营企业等）,1000-5000人,制造业,德州市,"材料成型及控制工程,材料科学与工程,材料加工工程,材料学,材料工程,材料物理与化学,冶金工程,有色金属冶金,过程装备与控制工程,材料与化工,高分子材料与工程,化学工程,化学工程与技术,化学工艺,化学工程与工艺,冶金物理化学,机械工程,机械设计制造及其自动化,电气工程,电气工程及其自动化,自动化,电子信息工程,电气测试技术与仪器,工程力学,机械,机械电子工程,汉语言文学,行政管理,国际商务,国际经济与贸易,工商管理,市场营销,技术经济及管理,物流工程",,,1699614000,0,257526,0,0,0,0,1,0,10,11,0,0,,,3815
604732,杭州中美华东制药有限公司,杭州中美华东制药有限公司,14:00,2023-11-08,学生活动中心A201,,外商投资企业,5000-10000人,卫生和社会工作,杭州市,"制药工程,生物制药,生物医学工程,电子信息,药学",,,1699423200,0,35844,5,1,0,0,0,0,08,11,0,0,,,1860
604403,中华联合财产保险股份有限公司重庆分公司,中华财险重庆分公司理工大学宣讲会,14:00,2023-11-08,学生活动中心A101,,国有企业,500-1000人,金融业,重庆市,不限专业,,,1699423200,0,301285,0,1,0,0,0,0,08,11,0,0,,,2296
585300,敏华家具制造（惠州）有限公司,敏华控股24届秋季校园招聘,14:00,2023-11-07,学生活动中心A101,,其他企业（含民营企业等）,10000人以上,制造业,惠州市,不限专业,,,1699336800,0,61153,13,1,0,0,0,0,07,11,0,0,,,3320
602521,重庆山外山血液净化技术股份有限公司,山外山集团2024届校园招聘,10:30,2023-11-07,学生活动中心A101,,其他（含社会组织、国际组织等）,500-1000人,制造业,重庆市,"不限专业,人力资源管理,劳动与社会保障,计算机技术,计算机科学与技术,计算机应用技术,软件工程",,,1699324200,0,305027,0,0,0,0,0,0,07,11,0,0,,,3881
599534,成都艾锡亚酒店集团有限公司,成都艾锡亚酒店集团有限公司,19:00,2023-11-06,学生活动中心A101,,其他企业（含民营企业等）,50-150人,住宿和餐饮业,成都市,不限专业,,,1699268400,1,411806,0,1,0,0,0,0,06,11,0,0,,,1761
581328,长安福特汽车有限公司,长安福特汽车有限公司,19:00,2023-11-03,学生活动中心C108,,外商投资企业,10000人以上,制造业,重庆市,"机械电子工程,电子信息工程,电气工程,通信工程,能源与动力工程,车辆工程,自动化,计算机科学与技术",,1699014600,1699009200,0,30803,1,1,0,0,0,0,03,11,0,0,,,9979
603891,重庆长安望江工业集团有限公司,重庆长安望江工业集团有限公司,16:00,2023-11-03,学生活动中心C108,,国有企业,5000-10000人,制造业,重庆市,"工程力学,机械工程,机械设计制造及其自动化,材料成型及控制工程,装甲车辆工程,车辆工程,计算机类,电气工程,工业工程,机械制造及其自动化,机械电子工程",,1699003800,1698998400,0,516921,0,1,0,0,0,0,03,11,0,0,,,5423
602950,杭州白贝壳实业股份有限公司,杭州白贝壳实业股份有限公司,14:00,2023-11-03,学生活动中心C108,,其他企业（含民营企业等）,1000-5000人,批发和零售业,杭州市,不限专业,,1698996600,1698991200,0,523582,0,1,0,0,0,0,03,11,0,0,,,2256
604433,重庆华邦制药有限公司,重庆华邦制药有限公司,14:00,2023-11-03,学生活动中心A201,,其他企业（含民营企业等）,1000-5000人,制造业,渝北,"不限专业,药学,医药,中医学,中西医临床医学,中药学,药事管理,制药工程,生物制药,生物医学工程",,,1698991200,0,69561,3,0,1,0,0,0,03,11,0,0,,,1890
604059,七腾机器人有限公司,七腾机器人有限公司,16:00,2023-11-02,1教403,,其他企业（含民营企业等）,150-500人,科学研究和技术服务业,重庆市,"信息管理与信息系统,网络工程,电气工程,电气工程及其自动化,自动化",,1698917400,1698912000,0,466667,0,1,0,0,0,0,02,11,0,0,,,1803
604120,重庆市江北区耀火光教育培训学校有限公司,重庆市江北区耀火光教育培训学校有限公司,16:00,2023-11-02,学生活动中心A201,,其他（含社会组织、国际组织等）,150-500人,教育,重庆市,不限专业,,,1698912000,0,558379,0,1,0,0,0,0,02,11,0,0,,,1564
602029,一道新能源科技（京山）有限公司,一道新能源2024校园招聘,14:00,2023-11-02,学生活动中心A201,,外商投资企业,1000-5000人,制造业,荆门市,"仪器科学与技术,机械,机械工程,电气工程,电气工程及其自动化,能源动力,自动化,应用物理学,化学工程与工艺,化学工程与技术,应用化学,材料与化工,光电信息科学与工程,新能源科学与工程,材料学,物流管理,应用统计,应用统计学,数学,统计学,网络工程,计算机技术,计算机科学与技术,人力资源管理,工商管理,计算机应用技术,软件工程,国际经济与贸易,商务英语,英语,市场营销",,,1698904800,0,528870,0,1,0,0,0,0,02,11,0,0,,,3374
600008,重庆三友机器制造有限责任公司铜梁分公司,重庆三友机器制造有限责任公司铜梁分公司,14:00,2023-11-02,学生活动中心A101,,其他企业（含民营企业等）,1000-5000人,制造业,重庆市,"机械设计制造及其自动化,材料成型及控制工程,机械,车辆工程,电气工程,电气工程及其自动化,自动化,电子信息,电子信息工程",,,1698904800,0,425098,0,1,0,0,0,0,02,11,0,0,,,3838
603404,株洲联诚集团控股股份有限公司,株洲联诚集团控股股份有限公司2024校园招聘,10:30,2023-11-02,学生活动中心A201,,其他（含社会组织、国际组织等）,1000-5000人,制造业,株洲市,"机械类,机械工程,机械电子工程,机械设计制造及其自动化,,建筑环境与能源应用工程,能源与动力工程,工程力学,车辆工程,先进制造,力学,动力工程,机械工程(机械制造及其自动化),机械工程（专硕）,工业工程,工业设计,材料成型及控制工程,机械制造及其自动化,流体机械及工程,金属材料工程,焊接技术与工程,控制工程,控制科学与工程,测控技术与仪器,电子与通信工程,电子信息工程,电子科学与技术,电气工程及其自动化,仪器科学与技术,智能制造工程,电气工程,自动化,物联网工程,轨道交通信号与控制,电气工程与智能控制,计",,,1698892200,0,118563,4,1,0,0,0,0,02,11,0,0,,,2678
602409,重庆博奥镁铝金属制造有限公司,重庆博奥镁铝金属制造有限公司,10:30,2023-11-02,学生活动中心A101,,其他企业（含民营企业等）,500-1000人,制造业,重庆市,"机械,机械工程,机械设计制造及其自动化,材料成型及控制工程,机器人工程,过程装备与控制工程,电气工程及其自动化,自动化,材料科学与工程,化学工程与工艺,化学工程与技术,应用化学,材料与化工",,,1698892200,0,469061,1,0,1,0,0,0,02,11,0,0,,,2761
601291,庆铃汽车（集团）有限公司,“一见钟庆，铃动启航” 庆铃汽车集团2024校园招聘,14:00,2023-11-01,学生活动中心A201,,国有企业,1000-5000人,制造业,重庆市,"机械工程,机械设计制造及其自动化,车辆工程,测控技术与仪器,通信工程,软件工程,数据科学与大数据技术,电气工程及其自动化,计算机科学与技术,机械,高分子材料与工程,材料加工工程,新能源科学与工程,信号与信息处理,机械制造及其自动化,机械电子工程,信息与通信工程,能源与动力工程,过程装备与控制工程,应用化学,汽车服务工程",,,1698818400,0,87450,2,1,0,0,0,0,01,11,0,0,,,6775
597321,兄弟科技股份有限公司,兄弟科技股份有限公司,14:00,2023-11-01,学生活动中心A101,,其他企业（含民营企业等）,1000-5000人,制造业,嘉兴市,"制药工程,化学,化学工程,化学工程与工艺,化学工程与技术,应用化学,药物制剂,化工与制药类,材料与化工,人力资源管理,工商管理,工商管理类,行政管理,分析化学,无机化学,有机化学,化学工艺,企业管理,机械类,机械设计制造及其自动化,机械电子工程,过程装备与控制工程,材料成型及控制工程,材料科学与工程,高分子材料与工程,机电一体化技术,生物科学类,生物技术,控制工程,测控技术与仪器,药理学,生物制药,药学,会计,财务管理,安全工程,安全科学与工程,环境工程,资源与环境,国际经济与贸易",,,1698818400,0,80307,0,0,0,0,0,0,01,11,0,0,,,2997
603658,中国大唐集团有限公司重庆分公司,中国大唐集团有限公司重庆分公司2024年毕业生招聘宣讲会,10:30,2023-11-01,学生活动中心A101,,国有企业,1000-5000人,电力、热力、燃气及水生产和供应业,重庆市,不限专业,,,1698805800,0,482627,2,1,0,0,0,0,01,11,0,0,,,3904
601741,宁波力劲科技有限公司,宁波力劲科技有限公司,16:00,2023-10-31,学生活动中心A101,,外商投资企业,1000-5000人,制造业,宁波市,"人力资源管理,不限专业,机械工程,机械设计制造及其自动化,机械电子工程,机械制造及其自动化,机械设计及理论,机械制造与自动化,机械制造与自动化(中外合作办学),机械装备制造技术,动力工程,会计学,电气工程及其自动化,自动化,机械类",,,1698739200,0,26256,0,1,0,0,0,0,31,10,0,0,,,2698
596688,重庆臻宝科技股份有限公司,重庆臻宝科技股份有限公司,14:00,2023-10-31,学生活动中心A201,,其他企业（含民营企业等）,150-500人,制造业,重庆市,"材料与化工,材料学,材料成型及控制工程,材料科学与工程,高分子材料与工程,化学工程与工艺,化学工程与技术,应用化学,机械,机械工程,机械电子工程,机械设计制造及其自动化,工业工程,电子信息工程,自动化,电气工程,电气工程及其自动化,机械类,人力资源管理,劳动与社会保障,物流管理,会计,会计学",,,1698732000,0,352055,0,0,0,0,1,0,31,10,0,0,,,5111
593661,宁波金田铜业（集团）股份有限公司,宁波金田铜业（集团）股份有限公司,14:00,2023-10-31,学生活动中心A101,,其他企业（含民营企业等）,5000-10000人,制造业,宁波市,"不限专业,国际经济与贸易,英语,俄语,德语,法语,泰语,越南语,日语",,1698737400,1698732000,0,68611,5,0,0,0,1,0,31,10,0,0,,,2478
602564,深圳市发掘科技有限公司,发掘科技2024届校招,10:30,2023-10-31,学生活动中心A201,,其他企业（含民营企业等）,150-500人,信息传输、软件和信息技术服务业,深圳市,"不限专业,物联网工程,电子信息,计算机科学与技术,机械电子工程,测控技术与仪器,电子信息工程,自动化,通信工程",,,1698719400,0,378024,1,1,0,0,0,0,31,10,0,0,,,2483
603173,成都英德生物医药装备技术有限公司,2024年校园招聘,10:30,2023-10-31,学生活动中心A101,,国有企业,150-500人,制造业,成都市,"不限专业,机械工程,机械设计制造及其自动化,材料成型及控制工程,机械电子工程,过程装备与控制工程,电气工程及其自动化,自动化,测控技术与仪器,能源与动力工程,化学工程与工艺,生物工程",,,1698719400,0,147640,0,0,0,0,0,0,31,10,0,0,,,3841
602812,重庆勤嘉博商贸有限公司,重庆勤嘉博商贸有限公司,19:00,2023-10-30,学生活动中心A201,,其他企业（含民营企业等）,少于50人,批发和零售业,重庆市,不限专业,,,1698663600,0,566192,0,1,0,0,0,0,30,10,0,0,,,2104
600761,深圳市赢合科技股份有限公司,赢合科技-2024全球校园招聘,16:00,2023-10-30,学生活动中心A201,,其他企业（含民营企业等）,5000-10000人,制造业,深圳市,"不限专业,会计学,财务管理,计算机科学与技术,软件工程,电气工程,电气工程及其自动化,自动化",,1698658200,1698652800,0,75037,4,1,0,0,0,0,30,10,0,0,,,3662
580603,广东凯金新能源科技股份有限公司,广东凯金新能源科技股份有限公司,16:00,2023-10-30,学生活动中心A101,,其他企业（含民营企业等）,1000-5000人,制造业,东莞市,不限专业,,,1698652800,0,392979,0,1,0,0,0,0,30,10,0,0,,,2891
602138,重庆金美新材料科技有限公司,重庆金美新材料科技有限公司,14:00,2023-10-30,学生活动中心A201,,其他企业（含民营企业等）,500-1000人,制造业,綦江,"电气工程,电气工程及其自动化,自动化,机械,机械工程,机械电子工程,机械设计制造及其自动化,工业工程,化学工程与工艺,化学工程与技术,应用化学,材料学,高分子材料与工程,应用物理学,新能源科学与工程",,,1698645600,0,377729,0,1,0,0,0,0,30,10,0,0,,,3295
601162,重庆盟讯电子科技有限公司,重庆盟讯电子科技有限公司,14:00,2023-10-30,学生活动中心A101,,国有企业,500-1000人,制造业,重庆市,"电子信息,计算机科学与技术,电子信息工程",,,1698645600,0,359071,0,1,0,0,0,0,30,10,0,0,,,5854
601346,北京三快网络科技有限公司,美团2024届零售类校园招聘启航计划,19:00,2023-10-27,学生活动中心A101,,外商投资企业,10000人以上,信息传输、软件和信息技术服务业,北京市,不限专业,,,1698404400,0,506865,1,1,0,0,0,0,27,10,0,0,,,2672
601567,得力集团有限公司,得力集团有限公司,16:00,2023-10-27,学生活动中心A201,,其他企业（含民营企业等）,10000人以上,制造业,宁波市,"不限专业,电子信息工程,电气工程及其自动化,机械,机械电子工程,机械设计制造及其自动化,材料成型及控制工程,材料科学与工程,工商管理,市场营销",,,1698393600,0,11274,53,0,0,0,0,0,27,10,0,0,,,2794
584787,淮河能源控股集团有限责任公司,淮河能源控股集团有限责任公司,16:00,2023-10-27,学生活动中心A101,,国有企业,10000人以上,采矿业,淮南市,"电气工程,电气工程及其自动化,自动化,机械工程,机械设计制造及其自动化,计算机科学与技术,电子信息工程,会计学,财务管理,人力资源管理",,,1698393600,0,303178,35,1,0,0,0,0,27,10,0,0,,,2834
600854,国网新源集团有限公司,聚新星之火   蓄山河能源  国网新源集团有限公司2024年校园招聘宣讲,14:00,2023-10-27,学生活动中心A201,,国有企业,5000-10000人,电力、热力、燃气及水生产和供应业,北京市,"电气工程及其自动化,电子信息类,通信工程,计算机科学与技术,水利水电工程,能源与动力工程",,,1698386400,0,562390,0,1,0,0,0,0,27,10,0,0,,,2923
590402,中国化学工程第三建设有限公司,中国化学工程第三建设有限公司,14:00,2023-10-27,学生活动中心A101,,国有企业,5000-10000人,建筑业,合肥市,"机械,材料与化工,土木工程,土木水利,机械制造及其自动化,机械工程,材料科学与工程,电气工程及其自动化,化学工程与工艺,化学工程与技术,建筑电气与智能化,电气工程,自动化,机械电子工程,机械设计与制造,机械设计制造及其自动化,过程装备与控制工程,测控技术与仪器,金属材料工程,应用化学,焊接技术与工程,工商管理,公共事业管理,汉语言文学,企业管理,人力资源管理,行政管理,文秘,秘书学",,,1698386400,0,43131,14,1,0,0,0,0,27,10,0,0,,,2728
600353,中国核工业第五建设有限公司,中国核工业第五建设有限公司2023年秋季招聘会,10:30,2023-10-27,学生活动中心A201,,国有企业,1000-5000人,建筑业,上海市,不限专业,,,1698373800,0,85257,81,0,0,0,0,0,27,10,0,0,,,2668
601595,深圳市腾天昊宇光通信有限公司,深圳市腾天昊宇光通信有限公司,10:30,2023-10-27,学生活动中心A101,,其他企业（含民营企业等）,50-150人,制造业,深圳市,"英语,国际经济与贸易,商务英语,俄语,西班牙语,市场营销",,,1698373800,0,531263,0,0,0,0,0,0,27,10,0,0,,,1404
600752,国家电投集团重庆合川发电有限公司,国家电投集团重庆电力有限公司,08:30,2023-10-27,学生活动中心C108,,国有企业,500-1000人,电力、热力、燃气及水生产和供应业,重庆市,"电气工程及其自动化,自动化,网络工程,计算机技术,测控技术与仪器,会计,会计学,审计,审计学,财务管理",,1698372000,1698366600,2,564244,0,1,0,0,0,0,27,10,0,0,,,4636
596574,广东威力电器有限公司,中山东菱威力电器有限公司-2024届校招宣讲会,19:00,2023-10-26,学生活动中心A101,,外商投资企业,1000-5000人,制造业,中山市,"市场营销,人力资源管理,财务管理,工商管理类,工商企业管理,不限专业,机械设计制造及其自动化,电气工程及其自动化,电子信息工程,机电一体化技术,电子信息工程技术,电气自动化技术,机械设计与制造,通信工程,机械电子工程,模具设计与制造,工业工程,机械工程,测控技术与仪器,电气测试技术与仪器,自动化,翻译,日语,英语,商务英语,汉语国际教育",,,1698318000,0,129486,6,0,0,0,0,0,26,10,0,0,,,2619
596915,广东华兴玻璃股份有限公司,华兴玻璃2024届校园招聘线下宣讲会,16:00,2023-10-26,学生活动中心A201,,其他企业（含民营企业等）,10000人以上,制造业,佛山市,"国际经济与贸易,市场营销,会计学,财务管理,人力资源管理,物流管理,工商企业管理,标准化工程,会计,网络工程,计算机应用技术,计算机科学与技术,软件工程,软件技术,机械设计制造及其自动化,电气工程及其自动化,机电一体化技术,电气自动化技术,数控技术,机械设计与制造,模具设计与制造",,,1698307200,0,29422,2,1,0,0,0,0,26,10,0,0,,,2023
603252,中石化石油机械股份有限公司,中石化石油机械股份有限公司,16:00,2023-10-26,学生活动中心A101,,国有企业,5000-10000人,制造业,武汉市,,,1698312600,1698307200,0,99025,2,0,0,0,0,0,26,10,0,0,,,1246
603253,中石化石油机械股份有限公司,中石化石油机械股份有限公司,16:00,2023-10-26,学生活动中心A101,,国有企业,5000-10000人,制造业,武汉市,,,1698312600,1698307200,0,99025,2,0,0,0,0,0,26,10,0,0,,,764
597382,重庆黄嘉生物技术有限公司,重庆黄嘉生物技术有限公司,14:00,2023-10-26,学生活动中心A201,,其他企业（含民营企业等）,少于50人,制造业,重庆市,"不限专业,临床医学,医学检验技术,医疗器械经营与管理,医疗设备应用技术,药学,应用化学",,,1698300000,0,471149,0,0,1,0,0,0,26,10,0,0,,,2186
595015,中石化江苏油建工程有限公司,中石化江苏油建工程有限公司2024届校园招聘会,14:00,2023-10-26,学生活动中心A101,,国有企业,500-1000人,建筑业,扬州市,不限专业,,1698305400,1698300000,0,162512,0,1,0,0,0,0,26,10,0,0,,,2160
595585,马可波罗控股股份有限公司,马可波罗控股股份有限公司2024届校园招聘宣讲会,10:30,2023-10-26,学生活动中心A201,,其他企业（含民营企业等）,5000-10000人,制造业,东莞市,"不限专业,能源动力,能源与动力工程,机械设计制造及其自动化,机器人工程,机械,机械工程,机械电子工程,机械工艺技术,电气工程,电气工程及其自动化,自动化,机电一体化技术,电气自动化技术,材料学,材料成型及控制工程,材料科学与工程,无机非金属材料工程,材料化学,会计,会计学,财务管理,市场营销,广告学,知识产权,知识产权管理",,1698292800,1698287400,0,461441,0,1,0,0,0,0,26,10,0,0,,,2657
602635,重庆嘉泰精密机械有限公司,重庆嘉泰精密机械有限公司10.26号早上10:30线下宣讲会,10:30,2023-10-26,学生活动中心A101,,其他企业（含民营企业等）,1000-5000人,制造业,渝北,"机械,机械工程,机械电子工程,机械设计制造及其自动化,材料成型及控制工程,材料科学与工程",,,1698287400,0,343039,0,0,1,0,0,0,26,10,0,0,,,1977
602666,诺比侃人工智能科技（成都）股份有限公司,诺比侃人工智能科技（成都）股份有限公司,08:30,2023-10-26,弘毅楼A409,,其他企业（含民营企业等）,150-500人,信息传输、软件和信息技术服务业,成都市,"人工智能,电子信息,电子信息科学与技术,计算机应用技术,计算机技术,软件工程",,1698285600,1698280200,0,565786,0,1,0,0,0,0,26,10,0,0,,,1950
602596,中国能源建设股份有限公司总承包分公司,中国能源建设股份有限公司总承包分公司2024年度校园宣讲会,19:00,2023-10-25,学生活动中心A201,,国有企业,1000-5000人,建筑业,西安市,"不限专业,土木工程,城乡规划,给排水科学与工程,土木水利,市政工程,建筑与土木工程,水利水电工程,工程管理,建筑学,会计学,经济学",,,1698231600,0,516514,2,1,0,0,0,0,25,10,0,0,,,2287
598602,合众新能源汽车股份有限公司,合众新能源汽车股份有限公司,16:00,2023-10-25,学生活动中心C108,,其他企业（含民营企业等）,5000-10000人,制造业,嘉兴市,不限专业,,1698226200,1698220800,0,450932,0,1,0,0,0,0,25,10,0,0,,,3912
598693,罗莱生活科技股份有限公司,罗莱生活科技股份有限公司,16:00,2023-10-25,学生活动中心A201,,其他企业（含民营企业等）,1000-5000人,批发和零售业,上海市,不限专业,,,1698220800,1,70353,1,1,0,0,0,0,25,10,0,0,,,1411
596388,中石化湖南石油化工有限公司,中石化巴陵石油化工有限公司,16:00,2023-10-25,学生活动中心A101,,国有企业,5000-10000人,制造业,岳阳市,"化学工程与工艺,过程装备与控制工程,机械电子工程,机械设计制造及其自动化,化学工程与技术,应用化学,高分子材料与工程,材料科学与工程,电气工程,电气工程及其自动化,电气测试技术与仪器,能源动力,自动化,土木工程,动力工程,新能源科学与工程,网络工程,计算机科学与技术,人力资源管理,国际经济与贸易,经济学",,,1698220800,0,415440,8,0,0,0,0,0,25,10,0,0,,,2265
602456,重庆沃肯新材料科技股份有限公司,重庆沃肯新材料科技股份有限公司,14:00,2023-10-25,5教303,,其他企业（含民营企业等）,150-500人,制造业,重庆市,"化学工程与工艺,应用化学,不限专业",,1698219000,1698213600,0,520715,0,1,0,0,0,0,25,10,0,0,,,2197
598568,重庆赛迪热工环保工程技术有限公司,重庆赛迪热工环保2024年校园招聘,14:00,2023-10-25,学生活动中心A201,,国有企业,150-500人,科学研究和技术服务业,重庆市,"不限专业,电气工程,电气工程及其自动化,电气测试技术与仪器,自动化",,1698219000,1698213600,0,221540,0,1,0,0,0,0,25,10,0,0,,,4532
597953,贵州航天精工制造有限公司,贵州航天精工制造有限公司2024年秋季招聘宣讲会,14:00,2023-10-25,学生活动中心A101,,国有企业,500-1000人,制造业,遵义市,"机械工程,材料科学与工程,高分子材料与工程,材料学",,,1698213600,0,248773,2,0,0,0,0,0,25,10,0,0,,,3432
592737,和乐门窗有限公司,和乐门业集团2024届秋季专场招聘会,10:30,2023-10-25,学生活动中心A201,,其他企业（含民营企业等）,10000人以上,制造业,咸宁市,"机械工程,机械电子工程,机械设计制造及其自动化,电子信息,工业工程,机器人工程,机械,测控技术与仪器,会计,会计学,财务管理",,,1698201000,0,462141,8,1,0,0,0,0,25,10,0,0,,,2573
587477,宁波亚德客自动化工业有限公司,宁波亚德客2024届储备人才专场招聘会,10:30,2023-10-25,学生活动中心A101,,其他（含社会组织、国际组织等）,5000-10000人,制造业,宁波市,"工商管理,人力资源管理,国际经济与贸易,管理科学（市场营销方向）,企业管理,工业工程,市场营销,工商管理类,机械制造及其自动化,机械工程,机械设计制造及其自动化,材料成型及控制工程,电气工程及其自动化,自动化,机械,机械电子工程,过程装备与控制工程,金属材料工程,机械设计制造及其自动化（专升本）,测控技术与仪器,不限专业,仪器科学与技术,材料化学,材料科学与工程,化学工程与工艺,车辆工程,材料与化工,化学工程与技术,应用化学,电子信息工程,电子科学与技术,电子信息科学与技术,通信工程",,,1698201000,0,47407,7,0,0,0,0,0,25,10,0,0,,,2666
600521,中国葛洲坝集团建设工程有限公司,中国葛洲坝集团建设工程有限公司,19:00,2023-10-24,学生活动中心A201,,国有企业,1000-5000人,建筑业,昆明市,不限专业,,,1698145200,0,290580,47,1,0,0,0,0,24,10,0,0,,,2630
594840,成都万科物业服务有限公司重庆分公司,万物云（原万科物业）2024届校园招聘宣讲会,19:00,2023-10-24,学生活动中心A101,,其他企业（含民营企业等）,1000-5000人,房地产业,渝北,不限专业,,,1698145200,0,229950,8,1,0,0,0,0,24,10,0,0,,,2124
600725,四川南玻节能玻璃有限公司,中国南玻集团2024届校园招聘宣讲会,18:00,2023-10-24,线上专场宣讲会,,外商投资企业,500-1000人,制造业,成都市,不限专业,,,1698141600,0,361626,6,1,0,0,0,1,24,10,1,0,,,2807
601468,重庆美的制冷设备有限公司,美的集团2024届校园招聘,16:00,2023-10-24,学生活动中心A101,,其他企业（含民营企业等）,1000-5000人,制造业,重庆市,不限专业,,,1698134400,0,213180,0,1,0,0,0,0,24,10,0,0,,,4053
602405,中国石油化工股份有限公司镇海炼化分公司,中国石化镇海炼化2024年校园招聘线上宣讲会,15:50,2023-10-24,线上专场宣讲会,,国有企业,5000-10000人,制造业,杭州市,化学工程与工艺、化学工程与技术,,,1698133800,0,174812,35,1,0,0,0,1,24,10,1,0,,,1093
594356,重庆学大信息技术有限公司,“逐梦学海 · 大有可为”   学大教育2023年秋季校园招聘计划,14:00,2023-10-24,学生活动中心A201,,其他企业（含民营企业等）,50-150人,教育,沙坪坝,"汉语言文学,应用统计学,数学与应用数学,英语,化学,化学工程与工艺,应用化学,汉语国际教育,应用物理学,应用统计,数学,统计学",,1698132600,1698127200,0,308930,0,0,0,0,0,0,24,10,0,0,,,1817
598536,湖南盐业集团有限公司,湖南省轻工盐业集团有限公司,14:00,2023-10-24,学生活动中心A101,,国有企业,10000人以上,制造业,长沙市,不限专业,,,1698127200,0,81895,0,1,0,0,0,0,24,10,0,0,,,2770
593411,深圳传音控股股份有限公司,深圳传音控股股份有限公司-制造中心,10:30,2023-10-24,学生活动中心C108,,外商投资企业,10000人以上,信息传输、软件和信息技术服务业,深圳市,不限专业,,1698120000,1698114600,0,69724,2,0,0,0,0,0,24,10,0,0,,,5451
600336,江西赣锋锂业集团股份有限公司,江西赣锋锂业集团股份有限公司,10:30,2023-10-24,学生活动中心A101,,其他企业（含民营企业等）,5000-10000人,制造业,新余市,不限专业,,,1698114600,0,84316,13,0,0,0,0,0,24,10,0,0,,,2635
595139,伊之密股份有限公司,伊之密股份有限公司2024届校园招聘,19:00,2023-10-23,学生活动中心A201,,其他企业（含民营企业等）,1000-5000人,制造业,佛山市,"智能制造工程,机械工程,机械电子工程,机械设计制造及其自动化,机械（专硕）,车辆工程,电气工程及其自动化,材料类,过程装备与控制工程,机械,材料成型及控制工程,高分子材料与工程,不限专业,自动化,机械类",,,1698058800,0,22886,3,0,0,0,0,0,23,10,0,0,,,2832
591753,广西汽车集团有限公司,广西汽车集团有限公司2024届校园招聘宣讲会,19:00,2023-10-23,学生活动中心A101,,国有企业,10000人以上,制造业,柳州市,不限专业,,,1698058800,0,3478,3,1,0,0,0,0,23,10,0,0,,,5509
601273,重庆平伟汽车科技股份有限公司,重庆平伟汽车科技股份有限公司,16:00,2023-10-23,学生活动中心A201,,其他企业（含民营企业等）,150-500人,制造业,江北,"机械设计制造及其自动化,材料成型及控制工程,不限专业",,,1698048000,0,172209,2,1,0,0,0,0,23,10,0,0,,,3203
598177,杭州老板电器股份有限公司,杭州老板电器股份有限公司,16:00,2023-10-23,学生活动中心A101,,其他企业（含民营企业等）,5000-10000人,制造业,杭州市,不限专业,,,1698048000,0,75809,14,1,0,0,0,0,23,10,0,0,,,2668
600261,信永中和会计师事务所（特殊普通合伙）重庆分所,信永中和会计师事务所（特殊普通合伙）重庆分所,14:00,2023-10-23,学生活动中心A101,,其他企业（含民营企业等）,150-500人,居民服务、修理和其他服务业,重庆市,"会计,会计学,审计,审计学,财务管理",,,1698040800,0,490178,0,1,0,0,0,0,23,10,0,0,,,1533
599503,深圳市一博科技股份有限公司,深圳市一博科技股份有限公司,10:30,2023-10-23,学生活动中心A201,,其他企业（含民营企业等）,1000-5000人,制造业,深圳市,"电气工程及其自动化,自动化,轨道交通信号与控制,物联网工程,电子信息工程,电子科学与技术,通信工程,电子信息类,电气工程及其自动化（专升本）,自动化（专升本）,电子信息科学与技术,不限专业,电子信息,电气工程,能源动力,信息与计算科学,光电信息科学与工程",,,1698028200,0,304650,6,1,0,0,0,0,23,10,0,0,,,2495
598761,鸿富锦精密电子（成都）有限公司,【富士康成都园区】2024届菁干班校园招聘,10:30,2023-10-23,学生活动中心A101,,外商投资企业,10000人以上,制造业,成都市,不限专业,,,1698028200,0,114537,33,1,0,0,0,0,23,10,0,0,,,3836
601764,新疆昆玉钢铁有限公司,新疆昆玉钢铁有限公司,08:30,2023-10-23,学生活动中心A101,,其他企业（含民营企业等）,1000-5000人,制造业,伊犁,"机器人工程,机械,机械工程,机械电子工程,机械设计制造及其自动化,电气工程,电气工程及其自动化,电气测试技术与仪器,自动化",,1698026400,1698021000,0,170594,2,0,1,0,0,0,23,10,0,0,,,1690
598749,中国长安汽车集团有限公司重庆底盘系统分公司,中国长安汽车集团有限公司重庆底盘系统分公司2024届校园招聘,16:00,2023-10-21,学生活动中心A101,,国有企业,150-500人,制造业,重庆市,"不限专业,材料加工工程,材料学,材料工程,材料成型及控制工程,材料科学与工程,材料类,焊接技术与工程,网络工程,计算机应用技术,计算机技术,计算机科学与技术,计算机类,机械制造及其自动化,机械电子工程,信息与计算科学,电子信息科学与技术,电气工程及其自动化,机械工程,软件工程,电子信息工程",,,1697875200,0,516983,6,1,0,0,0,0,21,10,0,0,,,8586
598243,ＴＣＬ王牌电器（惠州）有限公司,TCL实业股份有限公司,19:00,2023-10-20,学生活动中心A201,,外商投资企业,5000-10000人,制造业,惠州市,不限专业,,,1697799600,0,145508,4,1,0,0,0,0,20,10,0,0,,,3227
597608,奇瑞汽车股份有限公司,奇瑞汽车2024届校园招聘,19:00,2023-10-20,学生活动中心A101,,国有企业,10000人以上,制造业,芜湖市,不限专业,,,1697799600,0,50685,14,0,0,0,0,0,20,10,0,0,,,4708
597096,泸州朴乐教育科技有限公司,朴乐泸州翰林学校2024届校园招聘,16:00,2023-10-20,学生活动中心A201,,其他企业（含民营企业等）,50-150人,教育,泸州市,不限专业,,,1697788800,1,517651,0,1,0,0,0,0,20,10,0,0,,,1252
595367,中国重汽集团国际有限公司,中国重汽集团国际有限公司,16:00,2023-10-20,学生活动中心A101,,国有企业,150-500人,制造业,济南市,"机械电子工程,机械设计制造及其自动化,车辆工程",,,1697788800,0,86647,15,0,0,0,0,0,20,10,0,0,,,3677
598648,豪迈集团股份有限公司,豪迈2024届秋季校园招聘宣讲会-重庆理工大学站,14:00,2023-10-20,学生活动中心A201,,其他企业（含民营企业等）,10000人以上,制造业,潍坊市,不限专业,,1697787000,1697781600,0,70170,28,1,0,0,0,0,20,10,0,0,,,2761
591953,李尔长安（重庆）汽车系统有限责任公司,李尔长安（重庆）汽车系统有限责任公司,14:00,2023-10-20,学生活动中心A101,,外商投资企业,500-1000人,制造业,渝北,"机械,机械工程,机械电子工程,机械设计制造及其自动化,电子信息工程,电气工程,电气工程及其自动化",,,1697781600,0,461309,0,1,0,0,0,0,20,10,0,0,,,4671
597084,中国水利水电第五工程局有限公司,中国水电五局2024届高校毕业生招聘,10:30,2023-10-20,学生活动中心C108,,国有企业,5000-10000人,建筑业,成都市,"电气工程及其自动化,机械设计制造及其自动化,城市地下空间工程,土木工程,建筑与土木工程,建筑环境与能源应用工程,测绘工程,机械,机械工程,安全工程",,1697774400,1697769000,0,16102,29,0,0,0,0,0,20,10,0,0,,,2820
594902,珠海冠宇电池股份有限公司,冠宇电池2024届校园宣讲会-重庆理工大学站,10:30,2023-10-20,学生活动中心A101,,其他企业（含民营企业等）,5000-10000人,制造业,珠海市,不限专业,,,1697769000,0,288913,1,0,0,0,1,0,20,10,0,0,,,3748
599533,重庆龙润汽车转向器有限公司,重庆龙润汽车转向器有限公司,08:30,2023-10-20,学生活动中心C108,,其他企业（含民营企业等）,1000-5000人,制造业,重庆市,"计算机科学与技术,测控技术与仪器,电气工程及其自动化,自动化,机械设计制造及其自动化,汽车服务工程,过程装备与控制工程,机械,机械工程,机械电子工程,产品设计,车辆工程,材料成型及控制工程,电子信息",,1697767200,1697761800,0,169271,0,1,0,0,0,0,20,10,0,0,,,4132
594791,延锋国际座椅系统有限公司,延锋国际座椅系统有限公司线下宣讲会,19:00,2023-10-19,学生活动中心A201,,国有企业,10000人以上,制造业,上海市,"机械工程,机械电子工程,机械设计制造及其自动化,车辆工程",,,1697713200,0,487134,0,1,0,0,0,0,19,10,0,0,,,4962
593713,常州星宇车灯股份有限公司,常州星宇车灯股份有限公司,19:00,2023-10-19,学生活动中心A101,,其他企业（含民营企业等）,1000-5000人,制造业,常州市,,,,1697713200,0,79170,0,1,0,0,0,0,19,10,0,0,,,2324
597694,合众新能源汽车股份有限公司,合众新能源汽车股份有限公司,16:00,2023-10-19,3教203,,其他企业（含民营企业等）,5000-10000人,制造业,嘉兴市,不限专业,,1697707800,1697702400,1,450932,0,1,0,0,0,0,19,10,0,0,,,1659
593869,重庆宗申机车工业制造有限公司,重庆宗申产业集团宗申机车2024届校园招聘,16:00,2023-10-19,学生活动中心A201,,其他企业（含民营企业等）,5000-10000人,制造业,重庆市,"不限专业,工业设计",,,1697702400,0,317147,2,1,0,0,0,0,19,10,0,0,,,4009
596920,中冶天工集团有限公司,中冶天工集团有限公司,16:00,2023-10-19,学生活动中心A101,,国有企业,5000-10000人,建筑业,滨海,"材料科学与工程,焊接技术与工程,电气工程及其自动化,土木工程,道路桥梁与渡河工程,工程管理,会计学,财务管理,会计",,,1697702400,0,170141,32,1,0,0,0,0,19,10,0,0,,,2356
590651,中车资阳机车有限公司,中车资阳机车有限公司2024届校园招聘,14:00,2023-10-19,学生活动中心A201,,国有企业,1000-5000人,制造业,资阳市,"机械,机械电子工程,机械设计制造及其自动化,电气工程及其自动化,自动化",,,1697695200,0,101566,9,1,0,0,0,0,19,10,0,0,,,4573
592863,广东皇派定制家居集团股份有限公司,广东皇派定制家居集团股份有限公司,14:00,2023-10-19,学生活动中心A101,,其他企业（含民营企业等）,1000-5000人,制造业,佛山市,"机器人工程,机械,机械工程,机械电子工程,机械设计制造及其自动化,电气工程,电气工程及其自动化,自动化,不限专业,产品设计,工业设计",,,1697695200,0,160194,7,1,0,0,0,0,19,10,0,0,,,1648
597848,中石化石油机械股份有限公司,中石化石油机械股份有限公司 2024年度校园招聘宣讲,10:30,2023-10-19,1教405,,国有企业,5000-10000人,制造业,武汉市,不限专业,,1697688000,1697682600,0,99025,2,0,0,0,0,0,19,10,0,0,,,1984
592118,特百佳动力科技股份有限公司,特百佳动力科技股份有限公司,10:30,2023-10-19,学生活动中心A101,,其他企业（含民营企业等）,150-500人,制造业,上海市,"机械类,机械设计制造及其自动化,机械工程,机械电子工程,电气工程及其自动化,电子信息类,车辆工程,测控技术与仪器,汽车服务工程",,,1697682600,0,557077,0,0,0,0,1,0,19,10,0,0,,,2378
594581,成都特隆美储能技术有限公司,成都特隆美储能技术有限公司,08:30,2023-10-19,学生活动中心A201,,其他企业（含民营企业等）,150-500人,制造业,成都市,不限专业,,,1697675400,0,387139,0,1,0,0,0,0,19,10,0,0,,,2363
594332,中石化重型起重运输工程有限责任公司,中石化重型起重运输工程有限责任公司,08:30,2023-10-19,学生活动中心A101,,国有企业,500-1000人,建筑业,朝阳市,"过程装备与控制工程,安全工程,材料成型及控制工程,机械电子工程,机械设计制造及其自动化,机械工程,材料科学与工程,化学工程,化学工程与技术,统计学,不限专业,环境科学与工程,经济学,会计学,工商管理",,,1697675400,0,132823,25,1,0,0,0,0,19,10,0,0,,,2290
593897,重庆睿博光电股份有限公司,睿博光电2024届校园招聘秋季宣讲会 Re-Star计划,19:00,2023-10-18,学生活动中心A201,,其他企业（含民营企业等）,150-500人,制造业,重庆市,"电子信息,仪器科学与技术,机械电子工程,测控技术与仪器,电子信息工程,电子信息科学与技术,计算机科学与技术,信息与通信工程,汽车服务工程,车辆工程,信息与计算科学,光学工程,机械设计制造及其自动化,电气工程及其自动化,自动化,软件工程,产品设计,工业设计,机械,机械工程,材料学,材料科学与工程,高分子材料与工程,物流管理,信息管理与信息系统,网络工程,物联网工程,会计,会计学,审计,审计学,财务管理,商务英语,英语,国际经济与贸易,应用经济学,经济学,资产评估,工商管理,市场营销,光电信息科学与工程",,,1697626800,0,466140,1,1,0,0,0,0,18,10,0,0,,,4000
593771,高景太阳能股份有限公司,高景太阳能股份有限公司,19:00,2023-10-18,学生活动中心A101,,其他企业（含民营企业等）,10000人以上,电力、热力、燃气及水生产和供应业,珠海市,不限专业,,,1697626800,0,532317,0,1,0,0,0,0,18,10,0,0,,,2910
593216,中信渤海铝业（滁州）有限公司,中信渤海铝业（滁州）有限公司,16:00,2023-10-18,学生活动中心A201,,国有企业,1000-5000人,制造业,滁州市,"机械设计制造及其自动化,机械,材料科学与工程",,,1697616000,0,496420,0,0,0,0,0,0,18,10,0,0,,,2251
595844,遵义市飞宇电子有限公司,遵义市飞宇电子有限公司2024届校园招聘,16:00,2023-10-18,学生活动中心A101,,其他企业（含民营企业等）,150-500人,制造业,遵义市,"机械工程,机械设计制造及其自动化,通信工程,会计,企业管理,工商管理,市场营销,行政管理,工业设计,机械,机械制造及其自动化,机械电子工程,机械设计及理论,材料成型及控制工程,测控技术与仪器",,,1697616000,1,94385,5,1,0,0,0,0,18,10,0,0,,,1210
599316,浙江环洋兴华新材料有限公司,浙江环洋兴华新材料有限公司,16:00,2023-10-18,学生活动中心A101,,其他企业（含民营企业等）,150-500人,制造业,宁波市,"化学工程与工艺,化学工程与技术,应用化学,材料与化工,材料学,材料科学与工程,高分子材料与工程,商务英语,英语,会计,会计学,审计,审计学,财务管理,过程装备与控制工程,机械工程,机械电子工程,机械设计制造及其自动化,测控技术与仪器,电气工程,电气工程及其自动化,电气测试技术与仪器,自动化",,,1697616000,0,563523,0,1,0,0,0,0,18,10,0,0,,,3116
585930,重庆爱康实业有限公司,重庆爱康实业有限公司,14:00,2023-10-18,学生活动中心A201,,其他企业（含民营企业等）,50-150人,制造业,江津,"高分子材料与工程,化学工程与工艺,工业工程,机械,电气工程,电气工程及其自动化,不限专业",,,1697608800,0,411184,0,1,0,0,0,0,18,10,0,0,,,2333
581405,浙江正泰电器股份有限公司,“正有所为，泰有未来” 正泰集团2024届校园招聘,14:00,2023-10-18,学生活动中心A101,,其他企业（含民营企业等）,10000人以上,制造业,温州市,"公共事业管理,工商管理,人力资源管理,市场营销,财务管理,法学类,工商管理类,汉语言文学,外国语言文学类,新闻传播学类,法学,会计学,经济学,金融学,企业管理,管理科学与工程,控制科学与工程,电气工程与智能控制,电气工程及其自动化,自动化,会计,新闻学,电子信息,机械类,材料类,计算机类,计算机科学与技术,计算机应用技术,安全工程,机械制造及其自动化,英语,工业工程,机械,电气工程,工业工程与管理,计算机技术,电子信息工程,电子信息类,通信工程,材料工程,控制工程,机械设计制造及其自动化,光学工程,机械工",,,1697608800,0,68904,7,1,0,0,0,0,18,10,0,0,,,4067
592011,中国水电建设集团十五工程局有限公司,中国水电十五局2024年校园招聘,10:30,2023-10-18,学生活动中心A201,,国有企业,1000-5000人,建筑业,西安市,"地质资源与地质工程,测绘工程,环境工程,土木工程,土木水利,工程管理,市政工程,建筑与土木工程,水利水电工程,水文与水资源工程,道路桥梁与渡河工程,铁道工程,岩土工程,测绘科学与技术,给排水科学与工程,城乡规划",,,1697596200,0,34929,33,1,0,0,0,0,18,10,0,0,,,2507
589804,中国核工业第五建设有限公司,【央企校招】中国核工业第五建设有限公司2024年校招,10:30,2023-10-18,学生活动中心A101,,国有企业,1000-5000人,建筑业,上海市,"机械,电气工程及其自动化,机械设计制造及其自动化,材料成型及控制工程,自动化",,,1697596200,1,85257,81,0,0,0,0,0,18,10,0,0,,,2736
592499,惠州市西顿工业发展有限公司,拾光 筑梦 西顿照明2024届校园招聘会,08:30,2023-10-18,学生活动中心A101,,其他企业（含民营企业等）,1000-5000人,制造业,惠州市,"不限专业,美术,美术学,产品设计,环境设计,艺术设计,视觉传达设计,设计学,机械,机械工程,机械电子工程,机械设计制造及其自动化,电子信息工程,电气工程及其自动化,自动化,测控技术与仪器,机械制造及其自动化,电子信息,电气工程,控制科学与工程,光电信息科学与工程,机器人工程,材料成型及控制工程,信息与通信工程,电气工程与智能控制,通信工程,控制工程,计算机技术,电子与通信工程,车辆工程,人力资源管理,工商管理,经济学,行政管理,企业管理,管理科学与工程,国际经济与贸易",,1697594400,1697589000,1,36575,6,0,0,0,0,0,18,10,0,0,,,1404
574431,浙江吉利控股集团有限公司,吉利控股集团2023年秋季校园招聘会--重庆理工大学站,19:00,2023-10-17,学生活动中心C108,,其他企业（含民营企业等）,10000人以上,制造业,杭州市,"信息管理与信息系统,物联网工程,网络工程,计算机技术,计算机科学与技术,机器人工程,机械工程,机械设计制造及其自动化",,1697545800,1697540400,0,70134,4,1,0,0,0,0,17,10,0,0,,,4743
592226,中伟新材料股份有限公司,中伟集团2024届全球校园招聘宣讲会-重庆理工大学站,19:00,2023-10-17,学生活动中心A201,,其他企业（含民营企业等）,10000人以上,制造业,铜仁市,"材料工程,材料成型及控制工程,材料物理与化学,材料科学与工程,冶金工程,冶金能源工程,新能源材料与器件,新能源科学与工程,化学,应用化学,高分子材料与工程,功能材料,有色金属冶金,材料加工工程,化学工程与工艺,化学工程与技术,材料与化工,过程装备与控制工程,材料物理,机械类,机械设计制造及其自动化,安全工程,安全科学与工程,环境工程,分析化学,无机化学,环境科学,高分子化学与物理,药学,机械工程,能源化学工程,复合材料与工程,无机非金属材料工程,材料学,材料化学,汉语言文学,工商管理,企业管理,汉语言,人",,,1697540400,0,418759,3,0,0,0,0,0,17,10,0,0,,,3023
598053,广汽传祺汽车有限公司宜昌分公司,广汽乘用车宜昌分公司2024届校园招聘,19:00,2023-10-17,学生活动中心A101,,国有企业,5000-10000人,制造业,宜昌市,"机械类,机械工程,机械设计制造及其自动化,材料成型及控制工程,材料类,交通运输,机械,机械电子工程,测控技术与仪器,车辆工程,金属材料工程,高分子材料与工程",,,1697540400,0,398932,0,1,0,0,0,0,17,10,0,0,,,3112
600377,四方继保（武汉）软件有限公司,北京四方继保自动化股份有限公司校园招聘,16:00,2023-10-17,第三实验楼C306,,其他企业（含民营企业等）,1000-5000人,制造业,武汉市,"电气工程及其自动化,自动化,计算机科学与技术,计算机技术,电气工程,电子信息工程,电气工程与智能控制,通信工程",,1697535000,1697529600,0,396224,0,1,0,0,0,0,17,10,0,0,,,1625
585863,长虹美菱日电科技有限公司,长虹美菱日电科技有限公司,16:00,2023-10-17,学生活动中心A201,,国有企业,150-500人,制造业,中山市,"工业工程,机械,机械工程,机械电子工程,机械设计制造及其自动化,工商管理,市场营销",,,1697529600,0,166217,5,0,0,0,0,0,17,10,0,0,,,3086
585776,台达电子（重庆）有限公司,重庆电子产业新力量,16:00,2023-10-17,学生活动中心A101,,外商投资企业,500-1000人,制造业,重庆市,"工业工程,机械,机械工程,机械电子工程,机械设计制造及其自动化",,,1697529600,0,558987,0,1,0,0,0,0,17,10,0,0,,,3355
584704,厦门安踏服饰有限公司,安踏2024届校招，零售、商品、陈列、新媒体、人力资源等方向，固定起薪6500/8500，川渝可选,14:00,2023-10-17,学生活动中心A201,,其他企业（含民营企业等）,1000-5000人,批发和零售业,厦门市,"不限专业,信息与计算科学,统计学,信息管理与信息系统,国际经济与贸易,应用经济学,数学,市场营销,电子商务及法律,设计学类,视觉传达设计,广告学,广播电视学,网络与新媒体,服装与服饰设计,美术学,文化产业管理,体育教育（师范类）,商务英语,汉语国际教育,旅游管理,工商管理,劳动与社会保障,人力资源管理,企业管理,行政管理",,,1697522400,0,394612,3,0,0,0,0,0,17,10,0,0,,,2797
598200,中国石油化工股份有限公司茂名分公司,中国石油化工股份有限公司茂名分公司,14:00,2023-10-17,学生活动中心A101,,国有企业,1000-5000人,电力、热力、燃气及水生产和供应业,茂名市,"材料与化工,安全工程,环境工程,土木工程,应用化学,能源化学工程,不限专业,自动化,机械,化学,化学工程与工艺,化学工程与技术",,,1697522400,0,162042,18,0,0,0,0,0,17,10,0,0,,,1578
598797,中国石油天然气第一建设有限公司,中国石油天然气第一建设有限公司招聘,10:30,2023-10-17,1教308,,国有企业,5000-10000人,建筑业,洛阳市,"过程装备与控制工程,电气工程及其自动化,机械工程,机械设计制造及其自动化,测控技术与仪器,材料成型及控制工程,车辆工程,油气储运工程,力学,工程管理,化学工程与工艺,土木工程",,1697515200,1697509800,0,57383,22,1,0,0,0,0,17,10,0,0,,,1952
594278,广东水电二局股份有限公司,广东水电二局股份有限公司2024年校园招聘,10:30,2023-10-17,学生活动中心A201,,国有企业,1000-5000人,信息传输、软件和信息技术服务业,广州市,不限专业,,,1697509800,0,167301,15,0,0,0,0,0,17,10,0,0,,,2290
586726,湖北兴发化工集团股份有限公司,兴发集团校园宣讲会,10:30,2023-10-17,学生活动中心A101,,国有企业,10000人以上,制造业,宜昌市,"应用化学,材料化学,高分子材料与工程,能源与动力工程,化学工程与工艺,化学工程与技术,材料与化工,过程装备与控制工程,应用统计学,化学,化学工程,安全工程,环境工程",,,1697509800,0,42125,14,1,0,0,0,0,17,10,0,0,,,2563
589193,惠州华阳通用电子有限公司,惠州华阳通用电子有限公司,19:00,2023-10-16,学生活动中心A201,,其他企业（含民营企业等）,1000-5000人,制造业,惠州市,不限专业,,1697459400,1697454000,1,71349,0,1,0,0,0,0,16,10,0,0,,,1250
594588,绿城物业服务集团有限公司重庆分公司,绿城物业2024届“新活力”管培生校园招聘,19:00,2023-10-16,学生活动中心A201,,其他企业（含民营企业等）,1000-5000人,房地产业,重庆市,"不限专业,信息管理与信息系统,物联网工程,电子信息,计算机技术,机械设计制造及其自动化,电气工程及其自动化,自动化",,,1697454000,0,516959,0,1,0,0,0,0,16,10,0,0,,,1818
575781,洛阳栾川钼业集团股份有限公司,洛阳栾川钼业集团股份有限公司,19:00,2023-10-16,学生活动中心A101,,其他企业（含民营企业等）,10000人以上,信息传输、软件和信息技术服务业,洛阳市,"化学工程与技术,机械工程,电气工程及其自动化",,,1697454000,0,118593,0,1,0,0,0,0,16,10,0,0,,,2118
590568,深圳市得润电子股份有限公司,得润电子股份有限公司,16:00,2023-10-16,学生活动中心A201,,其他企业（含民营企业等）,10000人以上,制造业,深圳市,"机械,电子信息,电子信息工程,电气工程,自动化,机械工程,机械电子工程,材料与化工,材料学,材料成型及控制工程,材料科学与工程,高分子材料与工程,产品设计,车辆工程,电气工程及其自动化,工业工程,机械设计制造及其自动化,物流管理,工商管理,思想政治教育,商务英语,汉语国际教育,英语,土地资源管理,行政管理,企业管理",,,1697443200,0,105073,1,0,0,0,0,0,16,10,0,0,,,3526
592739,西部矿业集团有限公司,西部矿业集团有限公司2024届校园招聘专场宣讲会,16:00,2023-10-16,学生活动中心A101,,国有企业,10000人以上,采矿业,西宁市,"电气工程及其自动化,计算机科学与技术,软件工程,环境工程,不限专业",,,1697443200,0,48760,4,1,0,0,0,0,16,10,0,0,,,2525
591063,中石化胜利石油工程有限公司,中石化胜利石油工程有限公司2024年度校园招聘,14:00,2023-10-16,学生活动中心A201,,国有企业,10000人以上,采矿业,东营市,"会计学,国际经济与贸易,英语,信息与计算科学,应用化学,电子信息工程,不限专业,化工安全工程,机械设计制造及其自动化,材料化学,应用物理学",,,1697436000,0,348033,1,1,0,0,0,0,16,10,0,0,,,6068
586256,重庆超硅半导体有限公司,重庆超硅半导体有限公司,14:00,2023-10-16,学生活动中心A101,,其他（含社会组织、国际组织等）,1000-5000人,制造业,重庆市,"材料与化工,机械,电气工程及其自动化,自动化,材料学,材料成型及控制工程,材料科学与工程,应用化学,化学工程与技术,化学工程与工艺,电气工程,不限专业",,,1697436000,0,80998,12,1,0,0,0,0,16,10,0,0,,,4595
592977,中国化学工程第十四建设有限公司,中国化学工程第十四建设有限公司,10:30,2023-10-16,学生活动中心A201,,国有企业,1000-5000人,建筑业,南京市,"不限专业,材料成型及控制工程,金属材料工程,焊接技术与工程,冶金工程,材料科学与工程,环境工程,电气工程及其自动化,能源动力,自动化,建筑电气与智能化,机械电子工程,测控技术与仪器,电气工程,人力资源管理,工商管理,法学,企业管理,新闻学,中国哲学,哲学,马克思主义哲学,会计学,财务管理,工程管理,机械设计制造及其自动化,化学工程与工艺,过程装备与控制工程,能源与动力工程",,1697428800,1697423400,0,85907,30,1,0,0,0,0,16,10,0,0,,,3402
596637,庆铃汽车（集团）有限公司,庆铃汽车（集团）有限公司,10:30,2023-10-16,学生活动中心A101,,国有企业,1000-5000人,制造业,重庆市,"机械工程,机械设计制造及其自动化,车辆工程,测控技术与仪器,通信工程,软件工程,数据科学与大数据技术,电气工程及其自动化,计算机科学与技术,机械,高分子材料与工程,材料加工工程,新能源科学与工程,信号与信息处理,机械制造及其自动化,机械电子工程,信息与通信工程,能源与动力工程,过程装备与控制工程,应用化学,汽车服务工程",,,1697423400,1,87450,2,1,0,0,0,0,16,10,0,0,,,2704
600049,中华人民共和国西藏出入境边防检查总站（西藏自治区公安厅边境管理总队）,西藏出入境边防检查总站2024年招录,10:00,2023-10-16,线上专场宣讲会,,机关,5000-10000人,公共管理、社会保障和社会组织,拉萨市,不限专业,,,1697421600,0,518244,1,1,0,0,0,1,16,10,2,0,,,363
597016,重庆达宸文化传播有限公司,重庆达宸文化传播有限公司,14:00,2023-10-14,学生活动中心A201,,其他企业（含民营企业等）,少于50人,教育,重庆市,"数学,金融数学,不限专业",,,1697263200,0,561650,0,1,0,0,0,0,14,10,0,0,,,1346
596554,四川奔向未来商务信息咨询有限公司,广州市白云区名优企业高校专场招聘宣讲会-重庆理工大学专场,14:00,2023-10-14,学生活动中心A101,,其他企业（含民营企业等）,少于50人,租赁和商务服务业,成都市,不限专业,,,1697263200,0,514341,0,1,0,0,0,0,14,10,0,0,,,1764
591205,珠海优特电力科技股份有限公司,珠海优特电力科技股份有限公司,19:00,2023-10-13,学生活动中心A201,,其他企业（含民营企业等）,1000-5000人,电力、热力、燃气及水生产和供应业,珠海市,"电子信息,计算机技术,计算机科学与技术,软件工程,电气工程,电气工程及其自动化,自动化,电子信息工程,通信工程,机械电子工程",,,1697194800,1,16434,17,0,0,0,0,0,13,10,0,0,,,1166
590975,海特克动力股份有限公司,海特克动力股份有限公司2024届校园招聘,19:00,2023-10-13,学生活动中心A101,,其他企业（含民营企业等）,500-1000人,制造业,温州市,"机械电子工程,机械设计制造及其自动化,机械,机械工程,电气工程及其自动化",,,1697194800,0,238691,2,1,0,0,0,0,13,10,0,0,,,1917
590409,重庆长安民生物流股份有限公司,重庆长安民生物流股份有限公司,16:00,2023-10-13,学生活动中心A201,,其他企业（含民营企业等）,1000-5000人,交通运输、仓储和邮政业,重庆市,不限专业,,,1697184000,0,178555,3,1,0,0,0,0,13,10,0,0,,,2561
589759,重庆新东方教育培训学校有限公司,重庆新东方教育培训学校有限公司,16:00,2023-10-13,学生活动中心A101,,其他企业（含民营企业等）,500-1000人,教育,重庆市,,,1697189400,1697184000,0,424058,0,0,0,0,0,0,13,10,0,0,,,1314
591145,中核检修有限公司,中核检修有限公司,14:00,2023-10-13,学生活动中心A201,,国有企业,1000-5000人,电力、热力、燃气及水生产和供应业,上海市,"机械,机械工程,机械电子工程,机械制造及其自动化,机械设计制造及其自动化,机械设计及理论,农业机械化及其自动化,农业机械及其自动化,电子信息工程,电气自动化技术,计算机科学与技术,测控技术与仪器,自动化,材料成型及控制工程,焊接技术与工程,金属材料工程,农业机械化工程,机械类,电气工程及其自动化,计算机信息管理,电气工程,电力系统及其自动化,电气工程与智能控制,电子科学与技术,农业电气化与自动化",,,1697176800,0,74607,3,1,0,0,0,0,13,10,0,0,,,2587
582137,山大地纬软件股份有限公司,山大地纬软件股份有限公司2024届秋季招聘,14:00,2023-10-13,学生活动中心A101,,国有企业,1000-5000人,信息传输、软件和信息技术服务业,济南市,"信息管理与信息系统,物联网工程,电子信息,网络工程,计算机技术,计算机科学与技术,软件工程,信息安全,智能科学与技术",,1697182200,1697176800,0,92814,0,0,0,0,0,0,13,10,0,0,,,1774
591586,深圳市共进电子股份有限公司,深圳共进电子股份有限公司2024届秋季校园招聘,10:30,2023-10-13,学生活动中心A201,,其他企业（含民营企业等）,10000人以上,信息传输、软件和信息技术服务业,深圳市,"计算机技术,信息与通信工程,信息与计算科学,工商管理,市场营销,信息管理与信息系统,通信工程,机械设计制造及其自动化,计算机科学与技术,人力资源管理,物流管理,会计",,,1697164200,0,70264,3,1,0,0,0,0,13,10,0,0,,,1959
585620,浙江春风动力股份有限公司,春风动力2024校园招聘,10:30,2023-10-13,学生活动中心A101,,其他企业（含民营企业等）,1000-5000人,制造业,杭州市,"机械设计制造及其自动化,车辆工程,不限专业",,1697169600,1697164200,0,76900,2,1,0,0,0,0,13,10,0,0,,,3583
597035,贵州航天风华精密设备有限公司,贵州航天风华精密设备有限公司,08:30,2023-10-13,学生活动中心A201,,国有企业,1000-5000人,制造业,贵阳市,"机械,机械工程,机械电子工程,机械设计制造及其自动化,材料与化工,电子信息,电气工程,机械制造及其自动化,材料学,材料工程,电子信息类,冶金工程,电气工程及其自动化,机械类,电子信息工程,车辆工程,力学类,工程力学,高分子材料与工程,复合材料与工程,焊接技术与工程,过程装备与控制工程,材料成型及控制工程,材料科学与工程,金属材料工程,电气工程与智能控制",,,1697157000,0,102388,15,0,0,0,1,0,13,10,0,0,,,2409
594321,中核四0四有限公司,中核四0四有限公司2023年秋季校园宣讲招聘会,08:30,2023-10-13,学生活动中心A101,,国有企业,5000-10000人,制造业,嘉峪关市,"计算机科学与技术,化学工程与技术,机械工程,材料科学与工程,化学,化学工程与工艺,应用化学,材料与化工,过程装备与控制工程,机械,机械设计制造及其自动化",,,1697157000,0,162776,34,1,0,0,0,0,13,10,0,0,,,2486
593695,宗申产业集团有限公司,宗申动力2024届校园招聘,19:00,2023-10-12,学生活动中心A201,,其他企业（含民营企业等）,10000人以上,制造业,重庆市,"人力资源管理,工商管理,行政管理,电气工程及其自动化,机械电子工程,机械设计制造及其自动化,能源与动力工程,机械工程",,,1697108400,0,71664,6,1,0,0,0,0,12,10,0,0,,,3806
582425,深圳市盛弘电气股份有限公司,深圳市盛弘电气股份有限公司2024届秋季校园招聘宣讲会,19:00,2023-10-12,学生活动中心A101,,其他企业（含民营企业等）,1000-5000人,电力、热力、燃气及水生产和供应业,深圳市,"不限专业,电子信息,软件工程,电气工程及其自动化,电气工程,自动化,信息与通信工程,电子信息工程,计算机应用技术,计算机科学与技术,计算机软件与理论,通信工程,仪器科学与技术",,,1697108400,0,70618,4,0,0,0,0,0,12,10,0,0,,,2834
591887,重庆欣晖材料技术有限公司,“渝”你一起，创XIN未来丨重庆欣晖材料技术有限公司2024届秋季校园招聘,16:00,2023-10-12,学生活动中心C108,,其他企业（含民营企业等）,150-500人,制造业,重庆市,不限专业,,1697103000,1697097600,0,560109,0,1,0,0,0,0,12,10,0,0,,,3378
592077,爱思开海力士半导体（重庆）有限公司,爱思开海力士半导体（重庆）有限公司 2024届校园招聘,16:00,2023-10-12,学生活动中心A201,,外商投资企业,1000-5000人,制造业,沙坪坝,"材料化学,材料成型及控制工程,材料科学与工程,光电信息科学与工程,电子信息科学与技术,电子信息工程,电气工程及其自动化,材料物理与化学,机械电子工程,无机非金属材料工程,应用化学,电子信息,机械设计制造及其自动化,应用物理学",,,1697097600,0,82412,1,1,0,0,0,0,12,10,0,0,,,2838
581493,上海良信电器股份有限公司,上海良信电器股份有限公司,16:00,2023-10-12,学生活动中心A101,,其他企业（含民营企业等）,1000-5000人,制造业,上海市,"机械电子工程,机械设计制造及其自动化,电子信息工程,电气工程及其自动化,自动化,信息与计算科学,新能源科学与工程,不限专业",,,1697097600,0,20045,7,1,0,0,0,0,12,10,0,0,,,1802
594626,安可捷检测（常州）有限公司,安可捷（常州）有限公司,14:00,2023-10-12,学生活动中心A201,,其他企业（含民营企业等）,50-150人,信息传输、软件和信息技术服务业,常州市,不限专业,,,1697090400,0,536586,0,1,0,0,0,0,12,10,0,0,,,1612
578517,箭牌家居集团股份有限公司,箭牌家居集团股份有限公司,14:00,2023-10-12,学生活动中心A101,,其他企业（含民营企业等）,10000人以上,制造业,佛山市,"不限专业,材料学,材料成型及控制工程,材料科学与工程,高分子材料与工程,机械工程,机械电子工程,机械设计制造及其自动化,电气工程及其自动化,机械,能源与动力工程",,,1697090400,0,168619,2,1,0,0,0,0,12,10,0,0,,,1590
598329,陕西重型汽车进出口有限公司,陕西重型汽车进出口有限公司,10:30,2023-10-12,3教501,,国有企业,150-500人,制造业,西安市,"俄语,法语,翻译,英语,商务英语,外国语言学及应用语言学,英语笔译,英语语言文学,市场营销,广告学,机械,机械工程,机械设计制造及其自动化,汽车服务工程,车辆工程,工业设计,机械电子工程,国际经济与贸易,波斯语,应用法语,西班牙语,旅游管理,工业工程,机械制造及其自动化,机械设计制造及其自动化(红柳卓越班),机械类",,1697083200,1697077800,0,114552,3,1,0,0,0,0,12,10,0,0,,,1823
591695,重庆万国半导体科技有限公司,重庆万国半导体科技有限公司2024届校招,10:30,2023-10-12,学生活动中心A201,,外商投资企业,1000-5000人,制造业,重庆市,"不限专业,计算机应用技术,计算机技术,计算机科学与技术,计算机类,计算机软件与理论",,,1697077800,0,153801,3,1,0,0,0,0,12,10,0,0,,,7813
587649,广州致远电子股份有限公司,致远电子2024届校园招聘宣讲会,10:30,2023-10-12,学生活动中心A101,,其他（含社会组织、国际组织等）,500-1000人,制造业,广州市,"通信工程,电子信息科学与技术,计算机科学与技术,物联网工程,信息与计算科学,电子信息,物理学,机械设计制造及其自动化,电子信息工程,电气工程,电气工程及其自动化,自动化,光电信息科学与工程,不限专业,仪器科学与技术,机械电子工程",,,1697077800,0,517323,0,0,0,0,0,0,12,10,0,0,,,2172
596678,其亚新疆集团有限公司,其亚新疆集团有限公司,08:30,2023-10-12,学生活动中心A101,,其他企业（含民营企业等）,5000-10000人,制造业,昌吉回族自治州,"化学工程与工艺,油气储运工程,环境工程,环境科学,电气工程及其自动化,自动化,化学,应用化学,机械工程,电气自动化技术,化学工程与工业生物工程,化学工程与技术,材料与化工,过程装备与控制工程,能源与动力工程,机械设计制造及其自动化,材料化学",,,1697070600,0,552797,4,0,0,0,0,0,12,10,0,0,,,1654
592305,上海永升物业管理有限公司重庆分公司,上海永升物业管理有限公司重庆分公司,19:00,2023-10-11,学生活动中心C108,,外商投资企业,10000人以上,房地产业,重庆市,不限专业,,1697027400,1697022000,0,162818,0,1,0,0,0,0,11,10,0,0,,,1467
591359,欧普照明股份有限公司,【欧普照明】2024届“未来之光”重庆理工大学线下宣讲会,19:00,2023-10-11,学生活动中心A201,,其他企业（含民营企业等）,5000-10000人,制造业,上海市,不限专业,,,1697022000,0,84163,1,0,1,0,0,0,11,10,0,0,,,2813
590759,成都迪康药业股份有限公司,成都迪康药业股份有限公司,19:00,2023-10-11,学生活动中心A101,,其他企业（含民营企业等）,1000-5000人,制造业,成都市,"不限专业,制药工程,生物制药,生物医学工程,药学",,,1697022000,0,164125,0,1,0,0,0,0,11,10,0,0,,,2134
587245,神驰机电股份有限公司,神驰机电2024届秋季校园招聘,16:00,2023-10-11,学生活动中心A201,,其他企业（含民营企业等）,1000-5000人,制造业,重庆市,"农业机械化及其自动化,机械设计制造及其自动化,电子信息工程,计算机应用技术,计算机科学与技术,通信工程,机械工程,电子信息,机械,电气工程,能源与动力工程,车辆工程,电气工程及其自动化,自动化,信息与计算科学,国际经济与贸易,汽车服务工程,工商管理,市场营销,会计学,人力资源管理,英语,应用统计,应用统计学",,,1697011200,0,190599,0,0,0,0,0,0,11,10,0,0,,,3801
585367,杭州先途电子有限公司,三花先途2024届校园招聘,16:00,2023-10-11,学生活动中心A101,,其他企业（含民营企业等）,1000-5000人,制造业,杭州市,"电子信息,电子信息工程,电气工程及其自动化,电气测试技术与仪器,自动化",,,1697011200,0,93556,3,1,0,0,0,0,11,10,0,0,,,2309
587060,浙江三花汽车零部件有限公司,2024届三花汽零秋季校招宣讲会,14:00,2023-10-11,学生活动中心A201,,其他企业（含民营企业等）,10000人以上,制造业,杭州市,"机械制造及其自动化,机械电子工程,机械设计制造及其自动化,不限专业,电气类,国际经济与贸易,机械类,过程装备与控制工程,车辆工程,智能制造工程,材料类,焊接技术与工程,材料科学与工程,工业工程,工业设计,机械工程,测控技术与仪器,电子信息类,软件工程,材料成型及控制工程",,,1697004000,0,80604,5,1,0,0,0,0,11,10,0,0,,,4010
584708,东莞道元自动化技术有限公司,东莞道元自动化技术有限公司2024届校园招聘,14:00,2023-10-11,学生活动中心A101,,其他企业（含民营企业等）,500-1000人,制造业,东莞市,"不限专业,机器人工程,机械工程,机械电子工程,机械设计制造及其自动化,测控技术与仪器,机械,机械制造及其自动化,电气工程及其自动化,自动化,国际经济与贸易,商务英语,英语,电气测试技术与仪器,电气工程,光电信息科学与工程,电子信息,电子信息工程,电子信息科学与技术,电子科学与技术,计算机科学与技术,网络工程,计算机技术,软件工程,车辆工程,农业机械化及其自动化,信息与计算科学,应用物理学,数学,翻译,英语笔译,工商管理,市场营销",,,1697004000,0,160591,7,1,0,0,0,0,11,10,0,0,,,2157
592638,重庆渝江压铸股份有限公司,渝江压铸-2024届明日之星校园招聘,10:30,2023-10-11,学生活动中心A201,,其他企业（含民营企业等）,1000-5000人,制造业,重庆市,"机械类,机械工程,机械设计制造及其自动化,机械电子工程",,1696996800,1696991400,0,166172,2,1,0,0,0,0,11,10,0,0,,,3703
592743,湖南裕能新能源电池材料股份有限公司,湖南裕能新能源电池材料股份有限公司,10:30,2023-10-11,学生活动中心A101,,其他企业（含民营企业等）,1000-5000人,制造业,湘潭市,"人力资源管理,工商管理,安全工程,化学工程与工艺,材料化学工程,化学工程,安全科学与工程,不限专业,材料类,材料化学,应用化学,材料与化工,化学工程与技术,机械类,机械设计制造及其自动化,材料成型及控制工程,机械电子工程,过程装备与控制工程,机械工程,电气类,电气工程及其自动化,自动化类,自动化,电气工程,电气测试技术与仪器,经济学,会计学,财务管理,英语,会计",,,1696991400,0,416502,1,0,0,0,0,0,11,10,0,0,,,2373
578586,农夫山泉股份有限公司,养生堂·农夫山泉·万泰生物2024秋季校园招聘,19:00,2023-10-10,学生活动中心C108,,其他企业（含民营企业等）,10000人以上,制造业,杭州市,不限专业,,1696941000,1696935600,0,3470,10,1,0,0,0,0,10,10,0,0,,,2602
595168,重庆龙湖卓健房地产开发有限责任公司,龙湖集团重庆地区2024届绽放校招-重庆理工大学专场,19:00,2023-10-10,学生活动中心A201,,其他企业（含民营企业等）,10000人以上,房地产业,重庆市,不限专业,,,1696935600,0,561430,0,1,0,0,0,0,10,10,0,0,,,1988
590676,京东方科技集团股份有限公司,京东方2024校园招聘宣讲会,19:00,2023-10-10,学生活动中心A101,,国有企业,10000人以上,科学研究和技术服务业,北京市,不限专业,,,1696935600,0,14925,108,0,0,0,0,0,10,10,0,0,,,5424
591989,深圳市拉普拉斯能源技术有限公司,“芯中有梦，拉普有光”拉普拉斯2024校园招聘,16:00,2023-10-10,学生活动中心A201,,其他企业（含民营企业等）,1000-5000人,制造业,深圳市,"机械设计制造及其自动化,材料成型及控制工程,工业设计,电气工程及其自动化,财务管理,不限专业",,,1696924800,0,488415,1,1,0,0,0,0,10,10,0,0,,,4042
595544,江苏沙钢集团有限公司,江苏沙钢集团有限公司,16:00,2023-10-10,学生活动中心A101,,其他企业（含民营企业等）,10000人以上,制造业,苏州市,"材料化学,化学工程与工艺,能源化学工程,材料与化工,材料科学与工程,化学工程,材料成型及控制工程,电气工程,电气工程及其自动化,自动化,电子信息工程,机械工程,机械设计制造及其自动化,机械电子工程",,1696930200,1696924800,0,72351,20,1,0,0,0,0,10,10,0,0,,,1720
590181,全友家私有限公司,友你不一young，携手向远方,14:00,2023-10-10,学生活动中心A201,,其他企业（含民营企业等）,5000-10000人,制造业,成都市,"国际经济与贸易,工商管理,人力资源管理,市场营销",,,1696917600,0,22454,3,1,0,0,0,0,10,10,0,0,,,2189
586692,植恩生物技术股份有限公司,植恩生物技术股份有限公司,14:00,2023-10-10,学生活动中心A101,,其他企业（含民营企业等）,500-1000人,制造业,九龙半岛,"工业工程,不限专业,电子信息,电子信息工程,电气工程,电气工程及其自动化,自动化,机械工程,机械电子工程,机械设计制造及其自动化,制药工程,生物制药,药学,物流管理,生物医学工程,行政管理,国际经济与贸易,经济学",,,1696917600,0,201294,1,1,0,0,0,0,10,10,0,0,,,2635
593585,贵州航天天马机电科技有限公司,贵州航天天马机电科技有限公司,10:30,2023-10-10,学生活动中心A201,,国有企业,1000-5000人,制造业,遵义市,"控制工程,测控技术与仪器,电子与通信工程,电子信息工程,系统工程,自动化,计算机科学与技术,软件工程,电子信息,电气工程,电气工程及其自动化,不限专业",,,1696905000,0,111424,1,0,0,0,1,0,10,10,0,0,,,3228
585279,广东保伦电子股份有限公司,广东保伦电子股份有限公司,10:30,2023-10-10,学生活动中心A101,,其他企业（含民营企业等）,5000-10000人,信息传输、软件和信息技术服务业,广州市,"机械设计制造及其自动化,电子信息科学与技术,计算机科学与技术,网络工程,自动化,软件工程,通信工程,物联网工程,机械电子工程,测控技术与仪器,信息与通信工程,电子信息工程,电气工程,不限专业,国际经济与贸易,商务英语,电子科学与技术,光电信息科学与工程,机械工程,会计学,人力资源管理",,,1696905000,0,558346,7,0,0,0,0,0,10,10,0,0,,,1828
595881,国合通用（重庆）测试评价认证有限公司,国合通用（重庆）测试评价认证有限公司,08:30,2023-10-10,学生活动中心A201,,国有企业,50-150人,科学研究和技术服务业,重庆市,"化学工程与工艺,化学工程与技术,应用化学,材料与化工,材料学,材料成型及控制工程,不限专业,材料科学与工程",,,1696897800,0,561808,0,1,0,0,0,0,10,10,0,0,,,2953
594664,中国电信股份有限公司重庆分公司,中国电信股份有限公司重庆分公司,08:30,2023-10-10,学生活动中心A101,,国有企业,10000人以上,信息传输、软件和信息技术服务业,渝北,不限专业,,,1696897800,1,412549,0,1,0,0,0,0,10,10,0,0,,,1794
591662,北京东方雨虹防水技术股份有限公司,北京东方雨虹防水技术股份有限公司,19:00,2023-10-09,学生活动中心A201,,其他企业（含民营企业等）,10000人以上,建筑业,北京市,"化学工程与工艺,材料与化工,高分子材料与工程,工业工程,机械,机械工程,机械设计制造及其自动化,电气工程,电气工程及其自动化,自动化,不限专业,人力资源管理,企业管理,工商管理,化学工艺,化工过程机械,应用化学,轻工技术与工程",,,1696849200,0,21257,9,1,0,0,0,0,09,10,0,0,,,2486
588915,立讯精密工业股份有限公司,立讯精密2024届校园招聘,19:00,2023-10-09,学生活动中心A101,,外商投资企业,10000人以上,制造业,广州市,"机械工程,机械电子工程,信息与通信工程,光学工程,光电信息科学与工程,自动化,通信工程,英语",,1696854600,1696849200,0,76192,27,1,0,0,0,0,09,10,0,0,,,3263
587884,川开电气有限公司,2024届特锐德川开电气有限公司 校园招聘,16:00,2023-10-09,学生活动中心A201,,其他企业（含民营企业等）,1000-5000人,电力、热力、燃气及水生产和供应业,成都市,"不限专业,机械,机械工程,机械设计制造及其自动化",,,1696838400,0,62218,1,1,0,0,0,0,09,10,0,0,,,3273
584994,自贡硬质合金有限责任公司,中国五矿集团自贡硬质合金有限责任公司2024年校园招聘会,16:00,2023-10-09,学生活动中心A101,,国有企业,1000-5000人,制造业,成都市,"机械工程,机械设计制造及其自动化,材料成型及控制工程,机械类,人力资源管理,经济学类,材料学,材料科学与工程,焊接技术与工程,材料工程",,,1696838400,0,23626,7,1,0,0,0,0,09,10,0,0,,,3775
581086,北京威努特技术有限公司,北京威努特技术有限公司2024秋招,14:00,2023-10-09,学生活动中心A201,,其他（含社会组织、国际组织等）,500-1000人,信息传输、软件和信息技术服务业,北京市,不限专业,,,1696831200,0,301025,1,0,0,0,0,0,09,10,0,0,,,2731
574776,金发科技股份有限公司,金发科技股份有限公司2024校园招聘宣讲会,14:00,2023-10-09,学生活动中心A101,,其他企业（含民营企业等）,10000人以上,制造业,广州市,不限专业,,,1696831200,0,19711,4,1,0,0,0,0,09,10,0,0,,,4139
589882,诚迈科技（南京）股份有限公司,诚迈科技2024届校园招聘,10:30,2023-10-09,学生活动中心A201,,其他企业（含民营企业等）,1000-5000人,信息传输、软件和信息技术服务业,南京市,,,,1696818600,0,192268,0,1,0,0,0,0,09,10,0,0,,,2734
590467,四川晶科能源有限公司,四川晶科能源有限公司,10:30,2023-10-09,学生活动中心A101,,其他企业（含民营企业等）,5000-10000人,制造业,乐山市,不限专业,,,1696818600,0,302289,2,1,0,0,0,0,09,10,0,0,,,3130
594039,格林美股份有限公司,格林美股份有限公司,08:30,2023-10-09,学生活动中心A101,,其他企业（含民营企业等）,5000-10000人,制造业,深圳市,"材料工程,材料科学与工程,材料表征与分析,冶金工程,冶金物理化学,有色金属冶金,化学工程与工艺,化学工艺,化学工程与技术,应用化学,材料与化工,材料学,新能源材料与器件,新能源科学与工程,材料化学,化学工程,高分子材料与工程,能源化学工程,化学,机械制造及其自动化,机械工程,机械设计及理论,电气工程,电气工程及其自动化,仪器仪表工程,自动化,仪器科学与技术,机械,机械电子工程,机械设计制造及其自动化,测控技术与仪器,能源与动力工程,机械类,电子信息工程,会计学,国际经济与贸易,工商管理,市场营销,财务管理",,,1696811400,0,88722,13,1,0,0,0,0,09,10,0,0,,,3627
596100,重庆八中智慧云教育科技有限公司,重庆八中智慧云校宣讲招聘会,19:00,2023-10-08,学生活动中心A101,,其他（含社会组织、国际组织等）,50-150人,教育,沙坪坝,不限专业,,,1696762800,0,415684,0,1,0,0,0,0,08,10,0,0,,,1502
589930,凤麟核科技有限公司,凤麟核2024届校招宣讲,10:30,2023-10-08,学生活动中心A201,,其他企业（含民营企业等）,500-1000人,科学研究和技术服务业,青岛市,"不限专业,工商管理类,电气工程,电气工程及其自动化,自动化,机械制造及其自动化,机械设计制造及其自动化,过程装备与控制工程",,,1696732200,0,515148,0,1,0,0,0,0,08,10,0,0,,,5341
587376,佛吉亚歌乐电子（重庆）有限公司,佛吉亚歌乐电子（重庆）有限公司2024年秋招,10:30,2023-10-08,学生活动中心A101,,外商投资企业,50-150人,信息传输、软件和信息技术服务业,重庆市,"计算机类,电子信息类,机械类,机械工程,机械电子工程,电子信息工程",,,1696732200,0,505173,0,0,0,0,0,0,08,10,0,0,,,3636
590820,云南云内动力集团有限公司,云南云内动力集团2024届校园招聘1,19:00,2023-10-07,学生活动中心A101,,国有企业,1000-5000人,制造业,昆明市,"交通信息工程及控制,交通运输,动力机械及工程,车辆工程,机械电子工程,仪器仪表工程,测控技术与仪器,自动化,电气工程及其自动化,机械设计制造及其自动化,汽车服务工程,过程装备与控制工程,机器人工程,电气测试技术与仪器,产品设计,能源与动力工程,装甲车辆工程,机械工程,能源动力,材料与化工,材料成型及控制工程,电子信息",,,1696676400,0,14722,12,1,0,0,0,0,07,10,0,0,,,3363
592780,江麓机电集团有限公司,中国兵器江麓机电集团有限公司2023年秋季校园招聘,16:00,2023-10-07,学生活动中心A201,,国有企业,10000人以上,制造业,湘潭市,不限专业,,,1696665600,0,165855,5,0,0,0,0,0,07,10,0,0,,,3603
590327,中国电建集团四川工程有限公司,中国电建集团四川工程有限公司2024校园招聘,10:30,2023-09-28,学生活动中心A101,,国有企业,1000-5000人,建筑业,成都市,不限专业,,,1695868200,0,183302,66,0,0,0,0,0,28,09,0,0,,,2447
585999,深圳市航嘉驰源电气股份有限公司,航嘉集团2024届校园招聘宣讲会,19:00,2023-09-27,学生活动中心A201,,其他企业（含民营企业等）,10000人以上,信息传输、软件和信息技术服务业,深圳市,"电子信息工程,通信工程,自动化,计算机科学与技术,软件工程,电子信息,计算机技术,机械工程,机械设计制造及其自动化,机械电子工程,机械,机械制造及其自动化,机械工程(卓越班),机械工程（卓越）",,,1695812400,0,20029,3,0,0,0,0,0,27,09,0,0,,,1724
585140,江苏海四达电源有限公司,海四达2024校园招聘,19:00,2023-09-27,学生活动中心A101,,其他企业（含民营企业等）,1000-5000人,制造业,南通市,"材料类,化学工程与工艺",,,1695812400,1,516895,0,0,0,0,0,0,27,09,0,0,,,976
594242,深圳市科曼医疗设备有限公司,科曼医疗2024届秋季校园招聘宣讲会,19:00,2023-09-27,学生活动中心A101,,其他企业（含民营企业等）,1000-5000人,制造业,深圳市,不限专业,,,1695812400,0,34553,6,1,0,0,0,0,27,09,0,0,,,783
588770,特斯拉（上海）有限公司,特斯拉（上海）有限公司,16:00,2023-09-27,学生活动中心C108,,外商投资企业,5000-10000人,制造业,浦东,,,1695807000,1695801600,0,435959,1,0,0,0,0,0,27,09,0,0,,,3104
584197,武汉征原电气有限公司,武汉征原电气有限公司2024届校园招聘,16:00,2023-09-27,学生活动中心A201,,其他企业（含民营企业等）,500-1000人,制造业,武汉市,不限专业,,,1695801600,0,14575,7,1,0,0,0,0,27,09,0,0,,,1795
591599,珠海市运泰利自动化设备有限公司,珠海市运泰利自动化设备有限公司,16:00,2023-09-27,学生活动中心A101,,其他企业（含民营企业等）,1000-5000人,制造业,珠海市,"电子信息,网络工程,计算机技术,计算机科学与技术,电子信息工程,仪器科学与技术,机械电子工程,物联网工程,电子与计算机工程,软件工程,通信工程,电气工程及其自动化,电气测试技术与仪器,自动化,机器人工程,电气工程与智能控制",,,1695801600,0,72946,2,0,0,0,0,0,27,09,0,0,,,1235
586886,重庆梅安森科技股份有限公司,重庆梅安森科技股份有限公司,14:00,2023-09-27,学生活动中心A201,,其他企业（含民营企业等）,150-500人,制造业,重庆市,"计算机科学与技术,软件工程,数据科学与大数据技术,网络工程,计算机应用技术,计算机类,测控技术与仪器,电气工程及其自动化,机械电子工程,物联网工程,电子信息工程,电气工程,机械制造及其自动化,电子信息科学与技术,通信工程,机械设计制造及其自动化,自动化,机械类,电气类,电子信息类,安全工程,数学与应用数学,计算机技术,电子信息,信息与通信工程,工商管理,市场营销,仪器科学与技术,财务管理,物流管理",,,1695794400,0,204292,1,0,1,0,0,0,27,09,0,0,,,2417
585356,中国水利水电第十四工程局有限公司,中国水利水电第十四工程局有限公司,14:00,2023-09-27,学生活动中心A101,,国有企业,10000人以上,建筑业,昆明市,"不限专业,工程管理,能源与动力工程,土木工程",,,1695794400,0,8663,64,0,1,0,0,0,27,09,0,0,,,1847
587101,华润润安科技（重庆）有限公司,华润润安科技（重庆）有限公司,10:30,2023-09-27,学生活动中心A201,,国有企业,1000-5000人,制造业,重庆市,"电子信息,电子信息工程,机械电子工程,机械设计制造及其自动化",,,1695781800,0,469614,2,1,0,0,0,0,27,09,0,0,,,3242
581507,中国核工业华兴建设有限公司,中核华兴邀你一起 “核”力谱写“兴”未来,10:30,2023-09-27,学生活动中心A101,,国有企业,10000人以上,建筑业,南京市,"不限专业,汉语言文学,工程力学,土木工程",,,1695781800,0,71212,12,1,0,0,0,0,27,09,0,0,,,2814
588464,通威太阳能（成都）有限公司,通威太阳能（成都）有限公司,08:30,2023-09-27,学生活动中心A201,,其他企业（含民营企业等）,1000-5000人,制造业,成都市,"不限专业,工业工程,化学工程与技术,新能源材料与器件,新能源科学与工程,材料工程,材料成型及控制工程,材料科学与工程,高分子材料与工程,化学,化学工程,化学工程与工艺,应用化学,机电一体化技术,电子制造技术与设备,会计学,财务管理,会计",,1695780000,1695774600,3,159876,5,1,0,0,0,0,27,09,0,0,,,4768
589390,中冶天工集团有限公司,中冶天工集团有限公司,08:30,2023-09-27,学生活动中心A101,,国有企业,5000-10000人,建筑业,滨海,"材料科学与工程,焊接技术与工程,电气工程及其自动化,土木工程,道路桥梁与渡河工程,工程管理,会计学,财务管理,会计",,,1695774600,1,170141,32,1,0,0,0,0,27,09,0,0,,,1356
592409,重庆金维实业有限责任公司,重庆金维实业有限责任公司,08:30,2023-09-27,学生活动中心A101,,其他企业（含民营企业等）,1000-5000人,科学研究和技术服务业,江北,"测控技术与仪器,电气工程及其自动化,自动化,过程装备与控制工程,计算机科学与技术",,,1695774600,0,179914,1,1,0,0,0,0,27,09,0,0,,,1656
582915,成都领益科技有限公司,“青春澎π，智领未来”领益智造24届校园招聘宣讲会,19:00,2023-09-26,学生活动中心A201,,其他企业（含民营企业等）,1000-5000人,制造业,成都市,不限专业,,,1695726000,0,292466,2,1,0,0,0,0,26,09,0,0,,,2342
581072,招商银行股份有限公司贵阳分行,“梦想靠岸”招商银行贵阳分行2024秋季校园招聘宣讲会,19:00,2023-09-26,学生活动中心A101,,国有企业,10000人以上,金融业,贵阳市,不限专业,,,1695726000,0,70339,5,1,0,0,0,0,26,09,0,0,,,1329
579426,中铁二十五局集团有限公司,中铁二十五局集团有限公司2024届校园招聘宣讲,16:00,2023-09-26,学生活动中心A201,,国有企业,10000人以上,建筑业,广州市,"机械设计制造及其自动化,电气工程,电气工程及其自动化,通信工程,材料科学与工程,自动化,会计学,财务管理,会计",,1695720600,1695715200,0,42802,43,1,0,0,0,0,26,09,0,0,,,2095
581780,中国电子系统工程第二建设有限公司,中国电子系统工程第二建设有限公司,16:00,2023-09-26,学生活动中心A101,,国有企业,5000-10000人,建筑业,无锡市,"不限专业,土木工程,建筑环境与能源应用工程,给排水科学与工程,采矿工程,环境工程,安全工程,电气工程及其自动化,土木类,工程管理,建筑与土木工程,建筑学",,,1695715200,0,16142,11,1,0,0,0,0,26,09,0,0,,,2238
579087,广州鼎甲计算机科技有限公司,鼎甲科技2024届秋季校园招聘宣讲会,14:00,2023-09-26,学生活动中心A201,,其他企业（含民营企业等）,150-500人,信息传输、软件和信息技术服务业,广州市,"不限专业,计算机科学与技术,软件工程,计算机技术,网络工程,物联网工程,计算机应用技术,信息与计算科学,数学与应用数学",,,1695708000,0,79576,0,0,0,0,0,0,26,09,0,0,,,1898
591294,宁波亚虎进出口有限公司,宁波亚虎进出口有限公司2024届校园招聘,14:00,2023-09-26,学生活动中心A101,,其他企业（含民营企业等）,1000-5000人,批发和零售业,宁波市,"不限专业,会计学,人力资源管理",,,1695708000,0,68077,13,0,0,0,0,0,26,09,0,0,,,1103
579169,杭州新坐标科技股份有限公司,杭州新坐标科技股份有限公司专场宣讲会,10:30,2023-09-26,学生活动中心A201,,其他企业（含民营企业等）,150-500人,制造业,杭州市,"电气工程,电气工程及其自动化,电气测试技术与仪器,自动化,机电一体化技术,软件工程(电气工程及其自动化),工业工程,机械,机械工程,机械电子工程,机械设计制造及其自动化,分析化学,化学,有机化学,材料与化工,物理化学,车辆工程,车辆工程(本科),机械电子工程(本科),机械电子工程（本科）,机械设计制造及其自动化(本科),机械设计制造及其自动化（本科）,数控技术,材料成型及控制工程,工业设计,不限专业,市场营销,金属材料工程,仪器科学与技术,测控技术与仪器,材料工程,机械类,汽车服务工程,应用化学,化学工程",,,1695695400,0,70308,3,1,0,0,0,0,26,09,0,0,,,1849
578796,成都交控轨道科技有限公司,成都交控轨道科技有限公司,10:30,2023-09-26,学生活动中心A101,,其他企业（含民营企业等）,150-500人,信息传输、软件和信息技术服务业,成都市,不限专业,,,1695695400,0,488440,0,1,0,0,0,0,26,09,0,0,,,1605
589612,重汽（重庆）轻型汽车有限公司,重汽（重庆）轻型汽车有限公司,08:30,2023-09-26,学生活动中心A201,,国有企业,1000-5000人,制造业,重庆市,"工业工程,机械工程,机械电子工程,机械设计制造及其自动化,工业设计,机械,汽车服务工程,车辆工程,信息管理与信息系统,物联网工程,网络工程,计算机技术,计算机科学与技术",,,1695688200,0,464876,1,1,0,0,0,0,26,09,0,0,,,3779
588674,中铁十六局集团有限公司,中铁十六局集团有限公司,08:30,2023-09-26,学生活动中心A101,,国有企业,10000人以上,建筑业,北京市,,,1695693600,1695688200,1,78507,28,0,0,0,0,0,26,09,0,0,,,1646
585264,重庆蔚锐汽车销售服务有限公司,重庆蔚锐汽车销售服务有限公司,19:00,2023-09-25,学生活动中心A201,,外商投资企业,50-150人,制造业,重庆市,不限专业,,1695645000,1695639600,0,301714,0,1,0,0,0,0,25,09,0,0,,,3278
586594,蜂巢能源科技股份有限公司,蜂巢能源科技股份有限公司宣讲会,19:00,2023-09-25,学生活动中心A101,,其他企业（含民营企业等）,5000-10000人,制造业,常州市,"化学工程,化学工程与工艺",,,1695639600,0,269567,10,0,0,0,1,0,25,09,0,0,,,1931
584204,双环传动（重庆）精密科技有限责任公司,双环传动（重庆）精密科技有限责任公司,16:00,2023-09-25,学生活动中心A201,,其他企业（含民营企业等）,500-1000人,制造业,重庆市,"机器人工程,机械,机械工程,机械设计制造及其自动化,材料成型及控制工程,材料科学与工程",,,1695628800,0,463886,0,1,0,0,0,0,25,09,0,0,,,2555
589608,赛力斯集团股份有限公司,赛力斯集团2024届校园招聘,14:00,2023-09-25,学生活动中心C108,,其他企业（含民营企业等）,10000人以上,制造业,重庆市,"计算机科学与技术,电气工程及其自动化,机械,车辆工程,人工智能,自动化,机械工程,过程装备与控制工程,焊接技术与工程",,1695627000,1695621600,0,70867,6,1,0,0,0,0,25,09,0,0,,,4815
583881,龙湖物业服务集团有限公司,龙湖集团2024届点将秋季校园招聘会,14:00,2023-09-25,学生活动中心A201,,其他企业（含民营企业等）,1000-5000人,房地产业,江北,不限专业,,1695627000,1695621600,0,165081,0,1,0,0,0,0,25,09,0,0,,,2977
582538,上海艾拉比智能科技有限公司,上海艾拉比智能科技有限公司,14:00,2023-09-25,学生活动中心A101,,其他企业（含民营企业等）,150-500人,信息传输、软件和信息技术服务业,上海市,"信息管理与信息系统,物联网工程,电子信息,网络工程,计算机技术,计算机科学与技术,智能科学与技术,软件工程,不限专业,计算机应用技术",,1695627000,1695621600,0,557745,0,0,0,0,0,0,25,09,0,0,,,1999
587218,重庆润通控股（集团）有限公司,重庆润通控股（集团）有限公司,10:30,2023-09-25,学生活动中心C108,,其他企业（含民营企业等）,1000-5000人,制造业,重庆市,"机械工程,机械电子工程,机械设计制造及其自动化,电子信息工程,电气工程及其自动化,机械电子工程(对口高职),自动化,计算机科学与技术,电气工程,测控技术与仪器,电子信息工程(对口高职),国际经济与贸易,市场营销,汽车服务工程,能源与动力工程,物流管理,会计,会计学,审计,审计学,财务管理,机械,电气测试技术与仪器,工业工程",,1695614400,1695609000,2,290377,4,1,0,0,0,0,25,09,0,0,,,3696
584907,株洲齿轮有限责任公司,株洲齿轮有限责任公司,10:30,2023-09-25,学生活动中心A101,,国有企业,1000-5000人,制造业,株洲市,"物联网工程,计算机技术,计算机科学与技术,软件工程,信息与计算科学,电子科学与技术,网络工程,通信工程,计算机应用技术,信息安全,控制工程,电气工程及其自动化,机械工程,机械设计制造及其自动化,测控技术与仪器,自动化,车辆工程,仪器科学与技术,工业工程,机械电子工程,控制科学与工程,机器人工程,电气工程,材料成型及控制工程,机械制造及其自动化,机械设计及理论,汽车服务工程,装甲车辆工程,机械,农业机械化及其自动化,机械工艺技术,过程装备与控制工程,能源与动力工程,电子信息工程,工业设计工程,工商管理,财务",,,1695609000,0,26756,8,1,0,0,0,0,25,09,0,0,,,2624
587309,中国水利水电第十一工程局有限公司,中国水利水电第十一工程局有限公司2024年校园招聘,08:30,2023-09-25,学生活动中心A201,,国有企业,5000-10000人,建筑业,郑州市,"电气工程及其自动化,机械设计制造及其自动化,会计,人力资源管理,物流管理,劳动与社会保障,环境工程,土木工程,土木水利,建筑与土木工程,水利工程,水利水电工程",,1695607200,1695601800,1,71924,18,1,0,0,0,0,25,09,0,0,,,1898
589800,方大集团股份有限公司,方大集团股份有限公司,19:00,2023-09-24,学生活动中心A201,,其他企业（含民营企业等）,5000-10000人,建筑业,深圳市,"机械设计制造及其自动化,车辆工程,电气工程及其自动化,自动化,机械工程,材料科学与工程,机械,英语,土木工程,土木类,工程管理,建筑学,工商管理,机械制造及其自动化,材料加工工程,建筑与土木工程,会计学,财务管理,不限专业,信息工程,数据科学与大数据技术,计算机科学与技术,电子信息工程,机械电子工程,工业工程,材料工程,材料成型及控制工程,物联网工程,软件工程,电子信息,计算机应用技术,智能科学与技术,电气工程,测控技术与仪器,力学",,,1695553200,0,15904,34,1,0,0,0,0,24,09,0,0,,,2662
589353,重庆西山科技股份有限公司,重庆西山科技股份有限公司,16:00,2023-09-23,学生活动中心A201,,其他企业（含民营企业等）,500-1000人,制造业,重庆市,"信息与通信工程,光学工程,光电信息科学与工程,电子信息,电子信息工程,电气工程,电气工程及其自动化,电子信息科学与技术,计算机应用技术,计算机技术,软件工程,计算机科学与技术,制药工程,生物制药,生物医学工程,药学,临床医学,不限专业,机械,机械工程,机械电子工程,机械设计制造及其自动化,自动化,测控技术与仪器,通信工程,人工智能,信号与信息处理,材料类,商务英语,英语",,,1695456000,0,74929,0,0,0,0,0,0,23,09,0,0,,,2460
587424,通用技术集团机床工程研究院有限公司,通用技术集团机床工程研究院有限公司2024年校园招聘宣讲会,16:00,2023-09-23,学生活动中心A101,,国有企业,1000-5000人,科学研究和技术服务业,北京,"机械,机械工程,机械电子工程,机械设计制造及其自动化,电子信息,电子信息工程,计算机技术,计算机科学与技术,仪器科学与技术,电气工程,电气工程及其自动化,自动化,软件工程",,,1695456000,0,469639,0,1,0,0,0,0,23,09,0,0,,,7170
588588,深圳领威科技有限公司,深圳领威科技2024届秋季校招专场招聘会,14:00,2023-09-23,学生活动中心A201,,其他企业（含民营企业等）,1000-5000人,制造业,深圳市,"自动化,计算机科学与技术,软件工程,电气工程,电气工程及其自动化,网络工程,电气工程与智能控制,工业工程,机械设计制造及其自动化,机械,机械工程,机械电子工程,测控技术与仪器,车辆工程,机械类,电气类,机械制造及其自动化,会计学,财务管理",,,1695448800,0,69890,3,0,0,0,0,0,23,09,0,0,,,1814
577136,中国核能电力股份有限公司,中国核能电力股份有限公司,14:00,2023-09-23,学生活动中心A101,,国有企业,10000人以上,电力、热力、燃气及水生产和供应业,北京市,"机械类,材料类,不限专业",,,1695448800,0,15318,28,1,0,0,0,0,23,09,0,0,,,3658
581934,广西玉柴机器股份有限公司,广西玉柴机器股份有限公司,19:00,2023-09-22,学生活动中心A201,,外商投资企业,10000人以上,制造业,玉林市,"机械工程,机械设计制造及其自动化,车辆工程,能源与动力工程,材料与化工,材料科学与工程,机械,机械制造及其自动化,化学,计算机科学与技术,动力机械及工程,材料学,应用化学,动力工程,化学工程与工艺,能源动力,电气工程及其自动化,化学工程与技术,物联网工程,网络工程,工商管理,经济学,商务英语,法语,泰语,英语,翻译,产业经济学,区域经济学,市场营销,软件工程,工程热物理,新能源科学与工程,会计学,财务管理,法学,法律(法学),人力资源管理",,1695385800,1695380400,0,190634,2,0,0,0,0,0,22,09,0,0,,,1948
585686,物产中大元通电缆有限公司,物产中大元通电缆有限公司,19:00,2023-09-22,学生活动中心A101,,国有企业,150-500人,批发和零售业,杭州市,"不限专业,机械工程,电气工程及其自动化",,,1695380400,0,353501,7,1,0,0,0,0,22,09,0,0,,,1497
586158,杭州戬威科技有限公司,杭州戬威科技有限公司,16:00,2023-09-22,学生活动中心A201,,其他企业（含民营企业等）,少于50人,科学研究和技术服务业,杭州市,"不限专业,仪器科学与技术,机械设计制造及其自动化,信息与通信工程,光电信息科学与工程,电子信息,电气测试技术与仪器,自动化,通信工程,测控技术与仪器,电子信息工程",,,1695369600,0,424825,0,1,0,0,0,0,22,09,0,0,,,1143
582203,长城电源技术有限公司,中国长城 |长城电源技术有限公司2024届校园招聘,16:00,2023-09-22,学生活动中心A101,,国有企业,1000-5000人,制造业,深圳市,"电子与通信工程,电子信息,电子信息工程,电子科学与技术,电气工程,电气工程及其自动化,自动化,测控技术与仪器,不限专业,信息工程,光电信息科学与工程,微电子科学与工程,通信工程,控制工程,控制理论与控制工程,电力电子与电力传动,电力系统及其自动化,电子信息科学与技术,电气类",,,1695369600,0,456798,8,0,0,0,0,0,22,09,0,0,,,2391
583943,惠州亿纬锂能股份有限公司,惠州亿纬锂能股份有限公司2024届校园招聘,14:00,2023-09-22,学生活动中心A201,,其他企业（含民营企业等）,10000人以上,制造业,惠州市,"不限专业,光电信息科学与工程,物理学,机械制造及其自动化,机械电子工程,化学工程与工艺,化学工程与技术,能源与动力工程,能源动力,材料科学与工程,新闻学,汉语言文学,翻译,英语,管理科学与工程,法学",,,1695362400,0,72885,22,0,0,0,0,0,22,09,0,0,,,2324
579215,中国水利水电第四工程局有限公司,中国水利水电第四工程局有限公司,14:00,2023-09-22,学生活动中心A101,,国有企业,5000-10000人,建筑业,西宁市,"机械,机械制造及其自动化,机械设计制造及其自动化,土木工程,土木水利,工程造价,电气工程及其自动化,水利水电工程,会计学,工程管理,马克思主义基本原理,人力资源管理,会计,市政工程,桥梁与隧道工程,给排水科学与工程,机械工程,安全工程,水利工程,材料成型及控制工程,测绘工程,地质工程,环境工程,工商管理,项目管理,思想政治教育,法学,行政管理",,,1695362400,0,68985,70,1,0,0,0,0,22,09,0,0,,,2422
581556,深圳市瀚力科技有限公司,深圳市瀚力科技有限公司,10:30,2023-09-22,学生活动中心A201,,其他企业（含民营企业等）,150-500人,信息传输、软件和信息技术服务业,深圳市,"不限专业,英语,农业机械化及其自动化,机械,机械制造及其自动化,机械工程,机械设计制造及其自动化,机械设计及理论,国际经济与贸易",,,1695349800,0,557709,0,1,0,0,0,0,22,09,0,0,,,1389
581082,希望森兰科技股份有限公司,2024大陆希望集团.希望森兰校招,10:30,2023-09-22,学生活动中心A101,,其他企业（含民营企业等）,500-1000人,制造业,成都市,"计算机科学与技术,机械电子工程,机械设计制造及其自动化,电子信息,电气工程,电气工程及其自动化,自动化,数学,电子信息工程,测控技术与仪器,数学与应用数学,电子信息科学与技术,电力电子与电力传动,电力系统及其自动化,电气工程及其自动化(红柳基地班),自动化(红柳卓越班),电气测试技术与仪器",,,1695349800,0,49496,0,1,0,0,0,0,22,09,0,0,,,1960
588359,重庆平湖金龙电工科技有限公司,立当高远 沧海可期 星辰大海 共筑未来,08:30,2023-09-22,学生活动中心A201,,国有企业,1000-5000人,制造业,重庆市,"材料与化工,材料学,材料成型及控制工程,材料科学与工程,高分子材料与工程,机器人工程,机械,机械工程,机械设计制造及其自动化,电气工程,电气工程及其自动化",,,1695342600,0,521311,0,1,0,0,0,0,22,09,0,0,,,2243
587400,重庆华峰化工有限公司,重庆华峰化工有限公司2024届校园招聘,08:30,2023-09-22,学生活动中心A101,,其他企业（含民营企业等）,1000-5000人,制造业,重庆市,"能源与动力工程,能源动力,分析化学,化学,化学工程与工艺,应用化学,无机化学,有机化学,环境工程,环境科学,化学（师范类）,能源化学工程,化学工程与技术,材料与化工,高分子材料与工程,机械制造及其自动化,机械设计制造及其自动化,环保设备工程,过程装备及控制工程,过程装备与控制工程,化工过程技术与系统工程,化工过程机械,过程装备与控制工程(红柳卓越班),高分子化学与物理,制药工程,动力工程,化学工程,化学工艺",,,1695342600,0,143884,17,1,0,0,0,0,22,09,0,0,,,2146
590040,中国工商银行股份有限公司广西壮族自治区分行,中国工商银行股份有限公司广西壮族自治区分行,19:00,2023-09-21,学生活动中心C108,,国有企业,5000-10000人,金融业,南宁市,"工商管理,市场营销,金融,金融学,电子信息工程,计算机技术,计算机科学与技术,通信工程,电子信息,网络工程,经济学,数学,统计学,金融数学,基础数学,应用数学,应用统计,物联网工程,电子与通信工程,信息安全",,1695299400,1695294000,0,195104,0,1,0,0,0,0,21,09,0,0,,,1362
585227,中铁隆昌铁路器材有限公司,中铁隆昌铁路器材有限公司2024届校园招聘,19:00,2023-09-21,学生活动中心A201,,国有企业,500-1000人,制造业,内江市,"机械工程,机械设计制造及其自动化,材料成型及控制工程,材料科学与工程,高分子材料与工程,材料工程,英语,英语笔译",,1695299400,1695294000,0,245548,1,0,0,0,0,0,21,09,0,0,,,1534
586137,江苏博睿光电股份有限公司,江苏博睿光电股份有限公司2024届校园招聘,19:00,2023-09-21,学生活动中心A101,,其他企业（含民营企业等）,150-500人,制造业,南京市,"化学工程与工艺,化学工程与技术,应用化学,材料与化工,材料学,材料科学与工程,高分子材料与工程",,,1695294000,0,126794,0,0,0,0,1,0,21,09,0,0,,,1247
585004,中国农业银行股份有限公司重庆市分行,中国农业银行重庆市分行2024年度校园招聘,16:00,2023-09-21,学生活动中心A201,,国有企业,5000-10000人,金融业,重庆市,不限专业,,,1695283200,0,87130,3,1,0,0,0,0,21,09,0,0,,,2077
584488,中铁十五局集团有限公司,中铁十五局集团专场招聘会,16:00,2023-09-21,学生活动中心A101,,国有企业,10000人以上,建筑业,静安,"机械工程,机械设计制造及其自动化,会计学,金融学,财务管理",,,1695283200,0,78409,249,0,0,0,1,0,21,09,0,0,,,1851
589321,东莞市宇瞳光学科技股份有限公司,东莞市宇瞳光学科技股份有限公司,14:00,2023-09-21,学生活动中心C108,,其他企业（含民营企业等）,1000-5000人,制造业,东莞市,"不限专业,数控技术,机电一体化技术,模具设计与制造,材料成型及控制工程,机械设计制造及其自动化,工业工程,机械电子工程,机电一体化技术（专科）,机械工程,测控技术与仪器,光学工程,光电信息科学与工程",,1695281400,1695276000,0,105321,1,1,0,0,0,0,21,09,0,0,,,3033
582189,深圳市德方纳米科技股份有限公司,德方纳米2024届校园招聘,14:00,2023-09-21,学生活动中心A201,,其他企业（含民营企业等）,1000-5000人,制造业,深圳市,不限专业,,,1695276000,0,50988,1,1,0,0,0,0,21,09,0,0,,,2053
581343,上海电驱动股份有限公司,上海电驱动股份有限公司2024届校园招聘宣讲,14:00,2023-09-21,学生活动中心A101,,其他企业（含民营企业等）,500-1000人,制造业,嘉定,"电气工程,电气工程及其自动化,车辆工程,机械制造及其自动化,一般力学与力学基础,固体力学,流体力学,机械工程,能源动力,机械电子工程,控制工程,机械设计制造及其自动化,自动化,材料学,机械设计及理论,材料加工工程,材料工程,控制理论与控制工程,测控技术与仪器,材料成型及控制工程,电力系统及其自动化,微机电系统,计算机技术,计算机应用技术,软件工程,不限专业",,,1695276000,0,68731,4,0,0,0,1,0,21,09,0,0,,,2314
585382,东方鑫源集团有限公司,“鑫鑫之火，可以撩源”,10:30,2023-09-21,学生活动中心A201,,其他（含社会组织、国际组织等）,5000-10000人,制造业,重庆市,"机械制造及其自动化,材料成型及控制工程,电气工程及其自动化,机械工程,机械设计制造及其自动化,产品设计,汽车服务工程,能源与动力工程,车辆工程,英语,传播学,广告学,视觉传达设计,企业管理,国际经济与贸易,工商管理,市场营销,材料科学与工程,焊接技术与工程,会计,物流管理",,,1695263400,0,314025,2,1,0,0,0,0,21,09,0,0,,,3841
581312,重庆青山工业有限责任公司,重庆青山工业2023秋季招聘,10:30,2023-09-21,学生活动中心A101,,国有企业,1000-5000人,制造业,重庆市,"计算机科学与技术,机械电子工程,测控技术与仪器,电子信息工程,电气工程",,,1695263400,0,465118,0,1,0,0,0,0,21,09,0,0,,,3985
587559,中国核工业二四建设有限公司,中国核工业二四建设有限公司 2024年校园招聘,08:30,2023-09-21,学生活动中心A201,,国有企业,5000-10000人,建筑业,廊坊市,不限专业,,,1695256200,0,23110,28,1,0,0,0,0,21,09,0,0,,,2312
587138,华峰铝业有限公司,华峰铝业有限公司,08:30,2023-09-21,学生活动中心A101,,其他企业（含民营企业等）,1000-5000人,制造业,渝中,"材料成型及控制工程,材料科学与工程,机械设计制造及其自动化,机械电子工程,汽车服务工程,电气工程及其自动化,自动化,材料学,人力资源管理,企业管理,劳动与社会保障,工商管理,行政管理",,,1695256200,0,117171,1,1,0,0,0,0,21,09,0,0,,,2944
579836,广州智光电气股份有限公司,广州智光电气股份有限公司,19:00,2023-09-20,学生活动中心A201,,其他企业（含民营企业等）,1000-5000人,电力、热力、燃气及水生产和供应业,广州市,不限专业,,,1695207600,0,72367,2,0,0,0,0,0,20,09,0,0,,,1685
577954,广州视源电子科技股份有限公司,视源股份宣讲会,19:00,2023-09-20,学生活动中心A101,,外商投资企业,1000-5000人,信息传输、软件和信息技术服务业,广州市,"电子信息类,计算机类,软件工程",,,1695207600,0,14494,7,1,0,0,0,0,20,09,0,0,,,2568
581851,广东博达科技有限公司,广东博达科技2024届校园招聘简章,16:00,2023-09-20,学生活动中心A201,,其他企业（含民营企业等）,500-1000人,批发和零售业,佛山市,"不限专业,国际经济与贸易,电子商务,经济学,贸易经济,英语笔译,企业管理,计算机应用技术,金融,轻工技术与工程,会计,会计学,财务管理,金融学,投资学,审计学,审计,工商管理,物流管理,物流工程,技术经济及管理,材料工程,材料科学与工程,英语,市场营销,法学,法语,国际商务,木材科学与工程,木材科学与技术,林业工程,设计学,化学工程,化学工程与工艺,化学工程与技术,化学工艺,环境设计,机械类,机械工程,机械设计制造及其自动化,高分子材料与工程,机电一体化技术,环保设备工程,环境科学,化学,应用化学,能源化",,,1695196800,0,287594,26,0,0,0,0,0,20,09,0,0,,,1368
581206,爱玛科技集团股份有限公司,爱玛科技集团2024届校园招聘,16:00,2023-09-20,学生活动中心A101,,其他企业（含民营企业等）,5000-10000人,制造业,天津市,不限专业,,,1695196800,0,116615,2,1,0,0,0,0,20,09,0,0,,,3069
585670,中国葛洲坝集团电力有限责任公司,中国葛洲坝集团电力有限责任公司2024校招宣讲会,14:00,2023-09-20,学生活动中心A201,,国有企业,1000-5000人,建筑业,宜昌市,不限专业,,,1695189600,0,47450,6,1,0,0,0,0,20,09,0,0,,,2233
577951,深圳市禾望电气股份有限公司,深圳市禾望电气股份有限公司,14:00,2023-09-20,学生活动中心A101,,其他企业（含民营企业等）,1000-5000人,批发和零售业,深圳市,"电气工程,电气工程及其自动化,电气测试技术与仪器,能源动力,计算机科学与技术",,,1695189600,0,74419,3,1,0,0,0,0,20,09,0,0,,,1796
584462,中国水利水电第三工程局有限公司,中国水利水电第三工程局有限公司,10:30,2023-09-20,学生活动中心A201,,国有企业,10000人以上,建筑业,西安市,"机械设计制造及其自动化,电气工程及其自动化,土木工程,测绘工程,安全工程,财务管理,不限专业",,,1695177000,0,24434,63,0,0,0,0,0,20,09,0,0,,,2033
583887,中冶交通建设集团有限公司,中冶交通建设集团有限公司,10:30,2023-09-20,学生活动中心A101,,国有企业,1000-5000人,建筑业,北京市,"会计学,财务管理,工商管理,市场营销,经济学",,,1695177000,0,144682,33,1,0,0,0,0,20,09,0,0,,,1401
588159,四川快益点电器服务连锁有限公司,四川长虹快益点电器服务连锁有限公司,08:30,2023-09-20,学生活动中心A201,,国有企业,1000-5000人,制造业,绵阳市,不限专业,,,1695169800,0,26661,3,1,0,0,0,0,20,09,0,0,,,2229
588018,中国核工业二三建设有限公司,中国核工业二三建设有限公司重庆理工大学专场招聘会,08:30,2023-09-20,学生活动中心A101,,国有企业,10000人以上,建筑业,北京市,不限专业,,,1695169800,0,71637,82,1,0,0,0,0,20,09,0,0,,,2301
588064,宁波方太厨具有限公司,“成长·方太” ——方太集团2024届校园招聘正式启动,19:00,2023-09-19,学生活动中心A201,,其他企业（含民营企业等）,1000-5000人,制造业,宁波市,不限专业,,,1695121200,0,19605,9,1,0,0,0,0,19,09,0,0,,,2484
576164,重庆惠科金渝光电科技有限公司,惠科集团2024届校园招聘-重庆理工大学站,19:00,2023-09-19,学生活动中心A101,,其他企业（含民营企业等）,1000-5000人,制造业,南岸,"会计,会计学,财务管理,机械,汽车服务工程,能源与动力工程,信息与计算科学,光学工程,应用物理学,不限专业,人工智能,信号与信息处理,智能科学与技术,电子信息,电气工程及其自动化,自动化,国际经济与贸易,应用经济学,经济学,物流管理,工业工程,机器人工程,机械工程,材料学,材料成型及控制工程,材料科学与工程,信息与通信工程,化学工程与工艺,化学工程与技术,应用化学,机械电子工程,机械设计制造及其自动化,测控技术与仪器",,,1695121200,0,158246,5,1,0,0,0,0,19,09,0,0,,,5172
656943,华中科技大学同济医学院附属协和医院,华中科技大学同济医学院附属协和医院研究生招生宣讲会,19:00,2025-06-06,204教室/第一教学楼,,医疗卫生单位,5000-10000人,卫生和社会工作,武汉市,"临床医学,中西医结合临床,临床药学",,1749216600,1749207600,0,85356,0,1,0,0,0,0,06,06,0,0,,重庆医科大学,964
656021,南京优科生物医药股份有限公司,南京优科生物医药股份有限公司,16:00,2025-05-28,203教室/第一教学楼,,科研设计单位,500-1000人,制造业,南京市,"制药工程,生物制药,药剂学,药学,中医内科学,中医外科学,中医学,中药制药,中药学,药物分析学,药物化学,临床医学,药物制剂,临床药学,微生物与生化药学,药理学,内科学,外科学,肿瘤学",,1748426400,1748419200,0,353619,0,1,0,0,0,0,28,05,0,0,,重庆医科大学,1475
656007,驼人控股集团有限公司,驼人控股集团有限公司,14:30,2025-05-23,203教室/第一教学楼,,其他企业（含民营企业等）,1000-5000人,制造业,新乡市,"生物医学工程,医学检验技术,护理学,医学影像技术,康复治疗学,护理",,1747987200,1747981800,0,241322,1,1,0,0,0,0,23,05,0,0,,重庆医科大学,1099
654709,四川大学华西医院（四川省国际医院）,四川大学华西临床医学院2026年研究生招生宣讲,16:00,2025-04-29,203教室/第一教学楼,,高等教育单位,10000人以上,教育,成都市,不限专业,,1745920800,1745913600,0,374278,0,1,0,0,0,0,29,04,0,0,,重庆医科大学,1288
655029,巴中西南领航实验学校,巴中西南领航实验学校,08:30,2025-04-25,崇仁楼玉衡学术报告厅,,中等、初等教育单位,150-500人,教育,巴中市,"物理学,数学与应用数学,化学,英语,生物科学,汉语言文学,学前教育",,1745546400,1745541000,0,576637,0,1,0,0,0,0,25,04,0,0,,长江师范学院,1552
654910,中国共产党筠连县委员会组织部,宜宾市筠连县“乐业筠州·智创未来” 川渝高校引才宣讲活动 （重庆医科大学专场）,16:00,2025-04-21,203教室/第一教学楼,,机关,少于50人,公共管理、社会保障和社会组织,宜宾市,不限专业,,1745229600,1745222400,0,646329,0,1,0,0,0,0,21,04,0,0,,重庆医科大学,1382
653753,四川省南充精神卫生中心（南充市第二人民医院）,四川省南充精神卫生中心（南充市第二人民医院）,16:00,2025-04-18,203教室/第一教学楼,,医疗卫生单位,500-1000人,卫生和社会工作,南充市,"中医内科学,中医外科学,中医妇科学,中医学,中医骨伤科学,中西医结合临床,临床中西医,康复医学与理疗学,听力与言语康复学,临床医学,中医康复学,应用心理,应用心理学,精神病与精神卫生学,影像医学与核医学,医学影像学,放射影像学,内科学,临床医学5+3,中西医临床医学,神经病学,中药学,药学,护理,护理学,康复治疗学,中医五官科学,眼科学,眼视光学,妇产科学,外科学,儿外科学,精神医学,临床医学(儿科医学方向)(5+3),儿科学,中医儿科学,预防医学,公共卫生,公共事业管理,不限专业",,1744970400,1744963200,0,428264,0,0,0,0,0,0,18,04,0,0,,重庆医科大学,1050
368919,鲁南制药集团股份有限公司,鲁南制药集团2025校园招聘,14:30,2025-04-18,311教室/第一教学楼,,外商投资企业,10000人以上,制造业,临沂市,"中西医结合类,药学,临床医学,临床药学,中西医临床医学,",,1744963200,1744957800,0,13422,31,0,0,0,0,0,18,04,0,0,,重庆医科大学,990
651050,茂名市妇幼保健院（茂名市妇幼保健计划生育服务中心、茂名市妇产医院、茂名市儿童医院）,茂名市妇幼保健院（茂名市妇幼保健计划生育服务中心、茂名市妇产医院、茂名市儿童医院）,14:30,2025-04-18,203教室/第一教学楼,,医疗卫生单位,1000-5000人,卫生和社会工作,茂名市,"儿科学,妇产科学,外科学,口腔临床医学,口腔医学,眼科学,麻醉学,影像医学与核医学,病理学与病理生理学",,1744963200,1744957800,0,590231,0,0,0,1,0,0,18,04,0,0,,重庆医科大学,1413
654729,京北方信息技术股份有限公司成都分公司,京北方信息技术股份有限公司,14:30,2025-04-18,崇仁楼玉衡学术报告厅,,其他企业（含民营企业等）,10000人以上,信息传输、软件和信息技术服务业,成都市,不限专业,,1744963200,1744957800,0,642508,0,0,0,0,0,0,18,04,0,0,,长江师范学院,1510
654560,四川佳士威尔科技有限责任公司,科研思维在医学研究中的重要性和必要性,16:00,2025-04-17,311教室/第一教学楼,,科研设计单位,少于50人,信息传输、软件和信息技术服务业,成都市,不限专业,,1744884000,1744876800,0,617708,0,0,0,0,1,0,17,04,0,0,,重庆医科大学,1035
654559,中国人民解放军联勤保障部队三亚康复疗养中心,中国人民解放军联勤保障部队三亚康复疗养中心宣讲会,16:00,2025-04-17,203教室/第一教学楼,,部队,150-500人,军队,三亚市,不限专业,,1744884000,1744876800,0,535623,0,1,0,0,0,0,17,04,0,0,,重庆医科大学,1112
652677,蚌埠医科大学,蚌埠医科大学,14:30,2025-04-17,311教室/第一教学楼,,高等教育单位,10000人以上,教育,芜湖市,"人体解剖与组织胚胎学,基础医学,临床医学,流行病与卫生统计学,口腔医学,病理学与病理生理学,护理学",,1744876800,1744871400,0,374077,0,0,0,0,0,0,17,04,0,0,,重庆医科大学,1263
653843,南京圣和药业股份有限公司,南京圣和药业股份有限公司,14:30,2025-04-17,203教室/第一教学楼,,其他企业（含民营企业等）,1000-5000人,制造业,南京市,"工商管理,市场营销,生物与医药,制药工程,化学,化学工程与工艺,化学工程与技术,应用化学,基础医学类,基础医学,药学类,化工技术类,市场营销类,生物科学,化学类,化学生物学,生物医学,药学,中药学,材料与化工,生物工程,生物技术,药事管理,生物技术与工程,生物制药,酿酒工程,新能源科学与工程,材料化学,应用化工技术,生物医学工程",,1744876800,1744871400,0,42424,18,0,0,0,1,0,17,04,0,0,,重庆医科大学,1014
652616,蚌埠医学院第一附属医院（蚌埠医学院附属肿瘤医院）,蚌埠医科大学及第一附属医院2025年春季招聘宣讲会,14:30,2025-04-10,203教室/第一教学楼,,医疗卫生单位,1000-5000人,卫生和社会工作,蚌埠市,"临床医学,内科学,临床医学类,临床医学5+3,外科学",,1744272000,1744266600,0,474096,0,0,0,1,0,0,10,04,0,0,,重庆医科大学,1439
652604,绿传（北京）汽车科技股份有限公司,绿传（北京）汽车科技股份有限公司,10:00,2025-03-28,崇仁楼玉衡学术报告厅,,其他企业（含民营企业等）,50-150人,制造业,北京市,"机械工程,工业设计,机械设计制造及其自动化,电子信息科学与技术,通信工程,机械电子工程,不限专业,软件工程",,1743132600,1743127200,0,548795,0,1,0,0,0,0,28,03,0,0,,长江师范学院,4495
651775,成都高途云集教育科技有限公司,成都高途云集教育科技有限公司,14:30,2025-03-27,203教室/第一教学楼,,其他企业（含民营企业等）,10000人以上,教育,成都市,不限专业,,1743062400,1743057000,0,410122,2,1,0,0,0,0,27,03,0,0,,重庆医科大学,1122
652409,中国共产党绵阳市安州区委员会组织部,2025年上半年绵阳市安州区招才引智招聘活动专场宣讲会,14:30,2025-03-26,311教室/第一教学楼,,机关,50-150人,公共管理、社会保障和社会组织,绵阳市,"不限专业,眼科学,外科学,皮肤病与性病学,临床医学,医学影像学",,1742976000,1742970600,0,530265,0,0,0,0,1,0,26,03,0,0,,重庆医科大学,1385
650093,重庆市涪陵区广艺朗博课外培训学校有限公司,给人才更多机会，给梦想更大舞台！,14:30,2025-03-21,崇仁楼玉衡学术报告厅,,其他（含社会组织、国际组织等）,50-150人,教育,涪陵,"中国语言文学类,汉语言文学,汉语言,应用语言学,英语,数学类,小学教育,应用统计学,数学与应用数学",,1742544000,1742538600,0,434199,0,0,0,0,0,0,21,03,0,0,,长江师范学院,925
649236,安徽安科生物工程（集团）股份有限公司,安徽安科生物工程（集团）股份有限公司-重庆招聘,14:30,2025-03-13,203教室/第一教学楼,,其他企业（含民营企业等）,1000-5000人,制造业,合肥市,"不限专业,护理,护理学",,1741852800,1741847400,0,242274,0,0,0,0,0,0,13,03,0,0,,重庆医科大学,1300
650056,新疆生产建设兵团第二师教育局铁门关市教育局,新疆生产建设兵团第二师教育局铁门关市教育局,09:00,2025-03-12,崇仁楼玉衡学术报告厅,,机关,5000-10000人,教育,巴音郭楞,,,1741744800,1741741200,0,358533,3,0,0,0,0,0,12,03,0,0,,长江师范学院,3541
646341,四川鸿鹄科智教育科技有限责任公司,四川鸿鹄科智教育科技有限责任公司,15:00,2024-12-26,崇仁楼玉衡学术报告厅,,其他企业（含民营企业等）,1000-5000人,教育,成都市,,,1735200000,1735196400,0,465889,2,0,0,0,0,0,26,12,0,0,,长江师范学院,1881
644977,重庆市国维外国语学校,重庆市国维外国语学校宣讲会,10:00,2024-12-13,崇仁楼玉衡学术报告厅,,其他企业（含民营企业等）,500-1000人,教育,黔江,"数学与应用数学,生物科学",,1734060600,1734055200,0,407987,2,0,0,0,0,0,13,12,0,0,,长江师范学院,1487
645461,通用技术集团医疗健康有限公司,通用技术集团医疗健康有限公司,14:30,2024-12-06,411教室/第一教学楼,,,,,,不限专业,,1733472000,1733466600,0,591123,0,0,0,0,0,0,06,12,0,0,,重庆医科大学,1845
645607,自贡市第一人民医院,自贡市第一人民医院,14:30,2024-12-05,412教室/第一教学楼,,医疗卫生单位,1000-5000人,卫生和社会工作,自贡市,"不限专业,护理,护理学",,1733385600,1733380200,0,117023,0,0,0,0,0,0,05,12,0,0,,重庆医科大学,1983
645463,十足集团有限公司,十足集团有限公司,14:30,2024-12-02,崇仁楼玉衡学术报告厅,,其他企业（含民营企业等）,10000人以上,批发和零售业,杭州市,"不限专业,市场营销,人力资源管理,电子商务,物流管理,社会体育指导与管理,会计学,国际经济与贸易,财务管理,汉语言文学,酒店管理,工商管理,经济学,公共事业管理,旅游管理,物流工程,行政管理,数学与应用数学,物联网工程,计算机科学与技术",,1733126400,1733121000,0,184576,10,0,0,0,0,0,02,12,0,0,,长江师范学院,1329
644019,四川元慧融科技有限公司,四川元慧融科技有限公司,16:40,2024-11-26,会计与金融学院专场宣讲场地,,其他企业（含民营企业等）,少于50人,信息传输、软件和信息技术服务业,成都市,"建筑设计类,智能建造工程,建设工程管理",,1732615200,1732610400,0,623796,0,0,0,0,0,0,26,11,0,0,,重庆工商职业学院,479
644866,重庆超梦动漫制作有限公司,重庆超梦动漫制作有限公司,10:30,2024-11-26,传媒与设计学院宣讲会场地-教学楼103,,其他企业（含民营企业等）,少于50人,文化、体育和娱乐业,重庆市,戏剧与影视学类、广播电视编导、戏剧影视导演、戏剧影视美术设计、动画、视觉传达设计、艺术设计类、数字动画,,1732593600,1732588200,0,628827,0,0,1,0,0,0,26,11,0,0,,重庆工商职业学院,465
644446,无锡市红豆男装有限公司,无锡市红豆男装有限公司,16:40,2024-11-25,传媒与设计学院宣讲会场地-教学楼103,,其他企业（含民营企业等）,10000人以上,制造业,无锡市,"纺织服装类,现代纺织工程技术,服装工程技术",,1732528800,1732524000,0,614415,0,0,1,0,0,0,25,11,0,0,,重庆工商职业学院,630
644868,孙悟空科技发展（重庆）有限公司,孙悟空科技发展（重庆）有限公司,16:40,2024-11-22,会计与金融学院专场宣讲场地,,其他企业（含民营企业等）,150-500人,信息传输、软件和信息技术服务业,重庆市,"不限专业,财政税务类,金融类,财务会计类,大数据与财务管理,大数据与会计,大数据与审计,工商管理类,市场营销",,1732269600,1732264800,0,614131,0,0,0,0,0,0,22,11,0,0,,重庆工商职业学院,675
644720,阳光财产保险股份有限公司四川省分公司,阳光财产保险股份有限公司四川省分公司,16:40,2024-11-21,会计与金融学院 育能楼B223活动室,,其他企业（含民营企业等）,5000-10000人,金融业,成都市,不限专业,,1732183200,1732178400,0,355090,0,0,0,0,0,0,21,11,0,0,,重庆工商职业学院,81
644870,重庆悟小空会计师事务所,重庆悟小空会计师事务所,16:40,2024-11-21,会计与金融学院专场宣讲场地,,其他企业（含民营企业等）,500-1000人,租赁和商务服务业,重庆市,不限专业,,1732183200,1732178400,0,498915,0,0,0,0,0,0,21,11,0,0,,重庆工商职业学院,134
644443,浙江爱伊美服装有限公司,浙江爱伊美服装有限公司,14:00,2024-11-15,传媒与设计学院宣讲会场地-教学楼103,,其他企业（含民营企业等）,1000-5000人,制造业,宁波市,"纺织服装类,现代纺织工程技术,服装工程技术",,1731657600,1731650400,0,614045,0,0,1,0,0,0,15,11,0,0,,重庆工商职业学院,4351
644004,中国核工业二三建设有限公司南方分公司,中国核工业二三建设有限公司南方分公司,16:40,2024-11-14,临时场地,,国有企业,5000-10000人,电力、热力、燃气及水生产和供应业,深圳市,不限专业,,1731578400,1731573600,0,590354,1,0,0,0,0,0,14,11,0,0,,重庆工商职业学院,326
640017,江苏瑞尔隆鼎实业有限公司,江苏瑞尔隆鼎实业有限公司实习生招聘宣讲会,14:00,2024-11-12,行知楼1005-2,,其他企业（含民营企业等）,1000-5000人,制造业,镇江市,"数控技术,机械制造与自动化,工业机器人技术,不限专业",,1731398400,1731391200,0,182571,1,0,0,0,0,0,12,11,0,0,,重庆工商职业学院,745
638968,浙江吉润梅山汽车部件有限公司,浙江极润汽车部件有限公司,14:00,2024-11-12,行知楼1005-1,,其他企业（含民营企业等）,1000-5000人,制造业,宁波市,"工业工程,机械工程,机械电子工程,机械设计制造及其自动化,测控技术与仪器,车辆工程,不限专业,智能制造工程,机械,电子信息,人力资源管理,工商管理,物流工程与管理,物流管理,电子商务,财务管理",,1731398400,1731391200,0,409172,0,0,0,0,0,0,12,11,0,0,,重庆工商职业学院,671
641900,江西青峰药业有限公司,江西青峰药业有限公司,14:30,2024-11-08,411教室/第一教学楼,,其他企业（含民营企业等）,1000-5000人,制造业,赣州市,"基础医学,临床药学,药物化学,药剂学,药学,药物分析学,药物制剂",,1731052800,1731047400,0,299825,6,1,0,0,0,0,08,11,0,0,,重庆医科大学,2561
643009,重庆鑫君合企业管理有限公司,重庆鑫君合企业管理有限公司,16:40,2024-11-06,会计与金融学院 育能楼B223活动室,,其他企业（含民营企业等）,少于50人,租赁和商务服务业,重庆市,金融学,,1730887200,1730882400,0,622410,0,0,0,0,0,0,06,11,0,0,,重庆工商职业学院,95
643567,重庆先特服务外包产业有限公司,重庆先特服务外包产业有限公司,16:40,2024-11-06,大学生创业就业中心宣讲室（一）,,其他企业（含民营企业等）,1000-5000人,信息传输、软件和信息技术服务业,重庆市,不限专业,,1730887200,1730882400,0,361578,1,0,0,0,0,0,06,11,0,0,,重庆工商职业学院,140
642883,重庆岚庭家居有限公司,重庆岚庭家居有限公司,14:00,2024-11-06,城建113,,其他企业（含民营企业等）,5000-10000人,房地产业,重庆市,不限专业,,1730880000,1730872800,0,466446,0,0,0,0,0,0,06,11,0,0,,重庆工商职业学院,192
642560,重庆市顺业财务顾问有限公司,重庆市顺业财务顾问有限公司,14:00,2024-11-06,大学生创业就业中心临时安排场地,,其他企业（含民营企业等）,少于50人,租赁和商务服务业,重庆市,会计学、财务管理、不限专业,,1730880000,1730872800,0,621291,0,0,1,0,0,0,06,11,0,0,,重庆工商职业学院,270
642657,重庆方舟会计服务有限公司,重庆方舟会计服务有限公司,14:00,2024-11-06,大学生创业就业中心宣讲室（二）,,其他企业（含民营企业等）,50-150人,租赁和商务服务业,重庆市,财务会计类、大数据与会计,,1730880000,1730872800,0,621457,0,0,1,0,0,0,06,11,0,0,,重庆工商职业学院,188
642654,重庆云圈传媒有限公司,重庆云圈传媒有限公司线下宣讲会,14:00,2024-11-06,大学生创业就业中心宣讲室（一）,,其他企业（含民营企业等）,50-150人,文化、体育和娱乐业,重庆市,不限专业,,1730880000,1730872800,0,615264,0,0,0,0,0,0,06,11,0,0,,重庆工商职业学院,100
642984,重庆市涪陵榨菜集团股份有限公司,重庆市涪陵榨菜集团股份有限公司,14:30,2024-11-04,崇礼楼111,,国有企业,1000-5000人,制造业,重庆市,"国际经济与贸易,经济统计学,数字媒体艺术,食品科学与工程,市场营销,旅游管理,应用统计学,数学与应用数学",,1730707200,1730701800,0,195878,0,0,0,0,0,0,04,11,0,0,,长江师范学院,2543
641016,陕西风润新能源科技有限公司,陕西风润新能源科技有限公司,14:30,2024-11-04,崇仁楼玉衡学术报告厅,,其他企业（含民营企业等）,50-150人,电力、热力、燃气及水生产和供应业,西安市,"交通工程,能源化学工程,电气工程及其自动化,自动化,机械电子工程,机械设计制造及其自动化,计算机科学与技术,土木工程,工程造价,建筑电气与智能化,汽车检测与维修技术,电气自动化技术,电子信息工程,通信工程,机械设计制造及其自动化（专升本）,能源动力",,1730707200,1730701800,0,552338,2,1,0,0,0,0,04,11,0,0,,长江师范学院,1608
642912,奥克斯空调股份有限公司,奥克斯空调股份有限公司,12:30,2024-11-01,大学生创业就业中心宣讲室（一）,,其他企业（含民营企业等）,10000人以上,制造业,宁波市,机械设计制造类、机械设计制造及自动化、智能制造工程技术、数控技术、制冷与空调工程、机械电子工程技术、电气工程及自动化、自动化技术与应用,,1730440800,1730435400,0,92013,0,0,1,0,0,0,01,11,0,0,,重庆工商职业学院,366
639771,江苏先声药业有限公司,先声药业集团2025届校园招聘,14:30,2024-10-31,412教室/第一教学楼,,其他企业（含民营企业等）,5000-10000人,制造业,南京市,不限专业,,1730361600,1730356200,0,20938,19,0,0,1,0,0,31,10,0,0,,重庆医科大学,2386
642302,中国第一汽车集团有限公司盐城分公司,中国一汽盐城分公司宣讲会,14:00,2024-10-30,行知楼2009,,国有企业,1000-5000人,制造业,盐城市,汽车服务工程,,1730275200,1730268000,0,613961,0,0,1,0,0,0,30,10,0,0,,重庆工商职业学院,170
642574,四川天翼呼叫科技有限公司,中国国际航空客服招聘,14:00,2024-10-30,临时场地,,其他企业（含民营企业等）,1000-5000人,信息传输、软件和信息技术服务业,成都市,不限专业,,1730275200,1730268000,0,585545,0,0,1,0,0,0,30,10,0,0,,重庆工商职业学院,26
642542,中媒楼宇（重庆）文化传媒有限公司,中媒楼宇（重庆）文化传媒有限公司,10:30,2024-10-30,招聘宣讲室,,其他企业（含民营企业等）,500-1000人,文化、体育和娱乐业,重庆市,不限专业,,1730260800,1730255400,0,615580,0,0,0,0,0,0,30,10,0,0,,重庆工商职业学院,25
641478,扬子江药业集团江苏扬子江医药经营有限公司,扬子江药业集团江苏扬子江医药经营有限公司,14:30,2024-10-29,411教室/第一教学楼,,其他企业（含民营企业等）,1000-5000人,批发和零售业,泰州市,"中医学,中药学,药学,临床医学",,1730188800,1730183400,0,122103,0,0,1,0,0,0,29,10,0,0,,重庆医科大学,2211
641996,上海拉迷家具有限公司,上海拉迷家具有限公司,10:00,2024-10-29,崇仁楼玉衡学术报告厅,,其他企业（含民营企业等）,500-1000人,制造业,上海市,"产品设计,环境设计,家具艺术设计,设计学,国际经济与贸易,市场营销,旅游管理,电子商务,经济与金融,工商管理,工商管理类,工业设计,工业设计工程,物联网工程,计算机科学与技术",,1730172600,1730167200,0,111051,1,1,0,0,0,0,29,10,0,0,,长江师范学院,1192
638847,景旺电子科技（龙川）有限公司,景旺电子科技（龙川）有限公司,16:40,2024-10-24,重庆市合川区重庆工商职业学院(合川校区),,其他企业（含民营企业等）,10000人以上,制造业,河源市,"不限专业,机械工艺技术,机电技术教育,电气类,机械设计制造类,机械设计制造及其自动化,智能制造工程,电气工程及其自动化",,1729764000,1729759200,0,159656,0,0,0,0,0,0,24,10,0,0,,重庆工商职业学院,21
636063,江苏康缘药业股份有限公司,江苏康缘药业股份有限公司,14:30,2024-10-24,412教室/第一教学楼,,其他（含社会组织、国际组织等）,5000-10000人,制造业,连云港市,"不限专业,药学,中药学,化学工程与工艺,制药工程",,1729756800,1729751400,0,26830,8,1,0,0,0,0,24,10,0,0,,重庆医科大学,2861
641690,新疆维吾尔自治区阿克苏地区人力资源和社会保障局,新疆维吾尔自治区阿克苏地区人力资源和社会保障局,10:30,2024-10-24,一教110教室,,机关,500-1000人,公共管理、社会保障和社会组织,阿克苏地区,不限专业,,1729742400,1729737000,0,447001,0,0,0,0,1,0,24,10,0,0,,重庆医科大学,1690
641024,重庆渝之楚商贸有限公司,重庆渝之楚商贸有限公司,16:40,2024-10-23,会计与金融学院专场宣讲场地,,其他企业（含民营企业等）,少于50人,租赁和商务服务业,重庆市,不限专业,,1729677600,1729672800,0,477589,0,0,0,0,0,0,23,10,0,0,,重庆工商职业学院,175
638126,重庆云赞满谦企业管理服务有限公司,会计与金融学院,14:00,2024-10-23,会计与金融学院专场宣讲场地,,其他企业（含民营企业等）,50-150人,租赁和商务服务业,重庆市,不限专业,,1729670400,1729663200,0,562666,0,0,0,0,0,0,23,10,0,0,,重庆工商职业学院,153
633450,北京恒安卫士保安服务有限公司,北京恒安卫士保安服务有限公司,12:30,2024-10-23,B113,,其他企业（含民营企业等）,10000人以上,公共管理、社会保障和社会组织,北京市,不限专业,,1729663200,1729657800,0,170683,1,0,0,0,0,0,23,10,0,0,,重庆工商职业学院,595
637122,南昌市奥克斯电气制造有限公司,南昌市奥克斯电气制造有限公司,14:00,2024-10-22,临时场地,,外商投资企业,10000人以上,制造业,南昌市,"不限专业,数控技术,智能控制技术,机电一体化技术,焊接技术与自动化,物联网应用技术,智能焊接技术",,1729065600,1729576800,0,48401,0,0,0,0,0,0,22,10,0,0,,重庆工商职业学院,310
634040,奇瑞新能源汽车股份有限公司,世界500强：奇瑞新能源2024年制造中心招募,14:00,2024-10-22,大学生创业就业中心宣讲室（一）,,其他（含社会组织、国际组织等）,5000-10000人,制造业,芜湖市,"工业机器人技术,工业过程自动化技术,机电一体化技术,电气自动化技术,工业设计,化工装备技术,新能源汽车技术,机械制造与自动化,汽车检测与维修技术,焊接技术与自动化",,1729584000,1729576800,0,466020,0,0,0,0,0,0,22,10,0,0,,重庆工商职业学院,695
637521,中国核工业二三建设有限公司,中国核工业二三建设有限公司,14:00,2024-10-21,行知楼2009,,国有企业,10000人以上,建筑业,北京市,不限专业,,1729497600,1729490400,0,71637,82,0,1,0,0,0,21,10,0,0,,重庆工商职业学院,1161
638334,南充三环电子有限公司,三环集团南充基地25届校招,10:30,2024-10-21,行知楼2009,,其他企业（含民营企业等）,5000-10000人,制造业,南充市,不限专业,,1729483200,1729477800,0,207180,1,0,0,0,0,0,21,10,0,0,,重庆工商职业学院,347
639690,无锡太湖饭店有限公司,无锡太湖饭店宣讲会,12:30,2024-10-17,大学生创业就业中心宣讲室（一）,,国有企业,150-500人,住宿和餐饮业,无锡市,"旅游管理,景区开发与管理,酒店管理",,1729144800,1729139400,0,607854,0,0,1,0,0,0,17,10,0,0,,重庆工商职业学院,407
638990,芜湖长信新型显示器件有限公司,芜湖长信新型显示器件有限公司,16:40,2024-10-16,大学生创业就业中心宣讲室（二）,,其他企业（含民营企业等）,5000-10000人,制造业,芜湖市,"不限专业,管理科学,产品质量工程,工商管理,机械类,材料类,数控技术,智能控制技术,智能焊接技术,机电一体化技术",,1729072800,1729068000,0,432311,0,0,0,0,0,0,16,10,0,0,,重庆工商职业学院,143
632560,清陶（昆山）能源发展股份有限公司,清陶（昆山）能源发展股份有限公司,14:00,2024-10-16,行知楼1005,,其他企业（含民营企业等）,150-500人,科学研究和技术服务业,苏州市,"数控技术,机电一体化技术,电气自动化技术",,1729065600,1729058400,0,307302,0,0,0,0,0,0,16,10,0,0,,重庆工商职业学院,126
639978,上汽大通汽车有限公司南京分公司,南京上汽大通宣讲会,14:00,2024-10-16,行知楼2008,,国有企业,1000-5000人,制造业,南京市,"机械设计制造及自动化,自动化技术与应用,汽车制造类,汽车工程技术,新能源汽车工程技术,车辆工程,新能源汽车工程",,1729065600,1729058400,0,75067,0,0,0,0,0,0,16,10,0,0,,重庆工商职业学院,362
637749,南昌市奥克斯电气制造有限公司,南昌市奥克斯电气制造有限公司,14:00,2024-10-16,行知楼2009,,外商投资企业,10000人以上,制造业,南昌市,"不限专业,数控技术,智能控制技术,机电一体化技术,焊接技术与自动化,物联网应用技术,智能焊接技术",,1729065600,1729058400,0,48401,0,0,0,0,0,0,16,10,0,0,,重庆工商职业学院,308
634214,上海阿吉豆实业发展有限公司,2025阿吉豆校招储备店长,14:00,2024-10-16,临时场地,,其他企业（含民营企业等）,1000-5000人,批发和零售业,上海市,不限专业,,1729584000,1729058400,0,306993,1,0,0,0,0,0,16,10,0,0,,重庆工商职业学院,230
639308,重庆刘一手商业管理有限公司,重庆刘一手商业管理有限公司,14:00,2024-10-16,管理学院测试场地,,其他企业（含民营企业等）,50-150人,住宿和餐饮业,重庆市,不限专业,,1729065600,1729058400,0,467122,0,0,1,0,0,0,16,10,0,0,,重庆工商职业学院,212
639092,重庆海康威视科技有限公司,重庆海康威视科技有限公司,14:00,2024-10-16,大学生创业就业中心临时安排场地,励志楼D303,国有企业,10000人以上,制造业,重庆市,"电气类,电气工程及其自动化,自动化,电子信息工程",,1729065600,1729058400,0,433194,3,0,1,0,0,0,16,10,0,0,,重庆工商职业学院,669
632574,浙江锂威能源科技有限公司,浙江锂威能源科技有限公司,14:00,2024-10-16,大学生创业就业中心宣讲室（一）,,其他企业（含民营企业等）,5000-10000人,制造业,金华市,"机械工程,智能制造工程,新能源汽车工程,机械类,自动化,电气工程与自动化,自动化类,计算机类",,1729065600,1729058400,0,447311,0,0,1,0,0,0,16,10,0,0,,重庆工商职业学院,303
637123,南昌市奥克斯电气制造有限公司,南昌市奥克斯电气制造有限公司,12:30,2024-10-16,临时场地,,外商投资企业,10000人以上,制造业,南昌市,"不限专业,数控技术,智能控制技术,机电一体化技术,焊接技术与自动化,物联网应用技术,智能焊接技术",,1729058400,1729053000,0,48401,0,0,0,0,0,0,16,10,0,0,,重庆工商职业学院,252
638352,重庆足下科技有限公司,重庆足下科技有限公司,12:30,2024-10-16,大学生创业就业中心临时安排场地,励志楼D302,其他企业（含民营企业等）,150-500人,信息传输、软件和信息技术服务业,重庆市,不限专业,,1729058400,1729053000,0,401706,0,0,1,0,0,0,16,10,0,0,,重庆工商职业学院,437
633719,上汽通用五菱汽车股份有限公司重庆分公司,上汽通用五菱汽车股份有限公司重庆分公司,12:30,2024-10-16,大学生创业就业中心宣讲室（一）,,外商投资企业,1000-5000人,制造业,重庆市,"数控技术,智能控制技术,机电一体化技术,焊接技术与自动化,物联网应用技术,机械设计与制造,工业机器人技术,机械产品检测检验技术,机械制造与自动化,机械制造及自动化,不限专业,新能源汽车技术,汽车制造与装配技术,汽车制造与试验技术,汽车智能技术,汽车检测与维修技术",,1729058400,1729053000,0,158162,3,0,0,0,0,0,16,10,0,0,,重庆工商职业学院,537
638980,芜湖长信新型显示器件有限公司,芜湖长信新型显示器件有限公司,10:30,2024-10-16,行知楼1006-1,,其他企业（含民营企业等）,5000-10000人,制造业,芜湖市,"不限专业,管理科学,产品质量工程,工商管理,数控技术,数控设备应用与维护,机械制造与自动化,机械装备制造技术,焊接技术与自动化,工业机器人技术,机电一体化技术,电气自动化技术,机械设计制造类,机械设计制造及自动化,智能制造工程技术,机电设备类,装备智能化技术,机器人技术,自动化技术与应用",,1729051200,1729045800,0,432311,0,0,0,0,0,0,16,10,0,0,,重庆工商职业学院,242
639262,宁波环球广电科技有限公司,宁波环球广电科技有限公司,16:40,2024-10-15,临时场地,,外商投资企业,1000-5000人,信息传输、软件和信息技术服务业,宁波市,"机械设计制造类,智能制造工程技术,数控技术,机电设备类,电梯工程技术,电气工程及自动化,机器人技术,现代测控工程技术,不限专业,通信工程,计算机科学与技术,信息工程,电子信息类,物联网工程,计算机类,计算机应用工程,智能控制技术,焊接技术与工程,智能制造工程,自动化技术与应用",,1728986400,1728981600,0,56579,0,0,0,0,0,0,15,10,0,0,,重庆工商职业学院,140
639839,华道数据处理（苏州）有限公司,华道数据处理（苏州）有限公司,14:00,2024-10-15,励志楼D301,,其他企业（含民营企业等）,1000-5000人,金融业,苏州市,"会计,财务管理",,1728979200,1728972000,0,30410,0,0,1,0,0,0,15,10,0,0,,重庆工商职业学院,147
638450,启东乾朔电子有限公司,乾朔电子校园招聘宣讲会,14:00,2024-10-15,大学生创业就业中心宣讲室（一）,,其他企业（含民营企业等）,1000-5000人,制造业,南通市,"机械工程,智能制造工程,机械类,机械电子工程,电气工程及其自动化,电气工程与自动化,计算机软件,电气工程与智能控制",,1728979200,1728972000,0,100487,0,0,0,0,0,0,15,10,0,0,,重庆工商职业学院,164
635888,欣旺达动力科技股份有限公司,欣旺达动力科技股份有限公司,12:30,2024-10-12,大学生创业就业中心宣讲室（一）,,其他企业（含民营企业等）,10000人以上,制造业,深圳市,"机械设计制造类,数控技术,工业工程技术,机电设备类,装备智能化技术,自动化类,机械电子工程技术",,1728712800,1728707400,0,382909,1,0,0,0,0,0,12,10,0,0,,重庆工商职业学院,538
635010,温州医科大学附属第一医院,温州医科大学附属第一医院2025年事业编招聘宣讲会,14:30,2024-10-11,412教室/第一教学楼,,医疗卫生单位,5000-10000人,卫生和社会工作,温州市,"临床医学,临床医学5+3,外科学,妇产科学,肿瘤学,骨科学,护理,护理学,医学影像技术,医学技术,影像医学与核医学,放射影像学",,1728633600,1728628200,0,414612,0,0,0,1,0,0,11,10,0,0,,重庆医科大学,2644
632819,厦门天马微电子有限公司,中航工业厦门天马（新国企）宣讲会,14:00,2024-10-10,D201,,国有企业,10000人以上,制造业,厦门市,不限专业,,1728547200,1728540000,0,43118,13,0,0,0,0,0,10,10,0,0,,重庆工商职业学院,307
636085,联合汽车电子有限公司太仓分公司,联合汽车电子有限公司太仓分公司校园招聘会,14:00,2024-10-10,大学生创业就业中心临时安排场地,线上宣讲,外商投资企业,1000-5000人,制造业,苏州市,"机械类,过程装备与控制工程,智能制造工程,电气类,电气工程及其自动化,电气工程与智能控制,自动化类,自动化",,1728547200,1728540000,0,495201,0,0,1,0,0,0,10,10,0,0,,重庆工商职业学院,298
637954,上海顺城物流有限公司,顺丰集团苏沪区2025届校园招聘,12:30,2024-10-10,临时场地,,其他企业（含民营企业等）,10000人以上,交通运输、仓储和邮政业,上海市,不限专业,,1728540000,1728534600,0,397465,0,0,0,0,0,0,10,10,0,0,,重庆工商职业学院,364
633239,合肥高科科技股份有限公司,合肥高科科技股份有限公司,12:30,2024-10-10,大学生创业就业中心宣讲室（一）,,其他企业（含民营企业等）,1000-5000人,制造业,合肥市,"机械类,机械工程,机械设计制造及其自动化,材料成型及控制工程,机械电子工程,机电技术教育,电气工程与智能控制,自动化,物联网应用技术,计算机应用技术,计算机网络技术,机械制造与自动化,大数据技术与应用,不限专业",,1728626400,1728534600,0,463687,0,0,0,0,0,0,10,10,0,0,,重庆工商职业学院,410
636753,浙江心怡供应链管理有限公司,菜鸟供应链浙沪区2025届校招宣讲会,16:40,2024-10-09,临时场地,,其他企业（含民营企业等）,50-150人,交通运输、仓储和邮政业,杭州市,不限专业,,1728468000,1728463200,0,418926,0,0,1,0,0,0,09,10,0,0,,重庆工商职业学院,331
636848,上海迅赞供应链科技有限公司,京东物流华东区校园招聘,14:00,2024-10-09,临时场地,,其他企业（含民营企业等）,10000人以上,交通运输、仓储和邮政业,嘉定,不限专业,,1728460800,1728453600,0,236522,6,0,1,0,0,0,09,10,0,0,,重庆工商职业学院,166
635695,零跑汽车有限公司,零跑汽车有限公司,12:30,2024-10-09,大学生创业就业中心宣讲室（一）,,其他企业（含民营企业等）,500-1000人,制造业,金华市,不限专业,,1728453600,1728448200,0,358233,6,0,0,0,0,0,09,10,0,0,,重庆工商职业学院,396
631323,南方医科大学南方医院,南方医科大学南方医院（第一临床医学院）研究生招生宣讲,14:30,2024-09-27,411教室/第一教学楼,,医疗卫生单位,1000-5000人,卫生和社会工作,广州市,临床医学,,1727424000,1727418600,0,70671,8,1,0,0,0,0,27,09,0,0,,重庆医科大学,2543
632794,招商银行股份有限公司重庆分行,“梦想靠岸”招商银行重庆分行2025届秋季校园招聘宣讲会,14:30,2024-09-26,崇仁楼玉衡学术报告厅,,其他企业（含民营企业等）,1000-5000人,金融业,江北,不限专业,,1727337600,1727332200,0,161655,0,0,0,0,0,0,26,09,0,0,,长江师范学院,2273
632879,重庆宗申动力机械股份有限公司,2025届毕业生秋季校园招聘,12:30,2024-09-26,大学生创业就业中心宣讲室（一）,,其他企业（含民营企业等）,5000-10000人,制造业,重庆市,不限专业,,1727330400,1727325000,0,287874,0,0,0,0,0,0,26,09,0,0,,重庆工商职业学院,532
632795,古蔺郎酒庄园有限公司,古蔺郎酒庄园有限公司,08:30,2024-09-26,崇仁楼玉衡学术报告厅,,其他企业（含民营企业等）,10000人以上,住宿和餐饮业,泸州市,,,1727316000,1727310600,0,558472,0,0,0,0,0,0,26,09,0,0,,长江师范学院,1874
632637,重庆金康动力新能源有限公司,重庆金康动力新能源有限公司,14:00,2024-09-25,大学生创业就业中心宣讲室（一）,,其他企业（含民营企业等）,1000-5000人,制造业,沙坪坝,"机械制造与自动化,机电一体化技术,模具设计与制造,新能源汽车技术,汽车制造与装配技术,汽车检测与维修技术,汽车营销与服务,汽车车身维修技术,制造自动化与测控技术,电力工程及自动化,工业机器人技术",,1727251200,1727244000,0,168143,0,0,1,0,0,0,25,09,0,0,,重庆工商职业学院,491
633601,天港酒店集团有限公司,天港酒店集团有限公司,14:30,2024-09-24,崇仁楼玉衡学术报告厅,,其他企业（含民营企业等）,1000-5000人,住宿和餐饮业,宁波市,,,1727164800,1727159400,0,387542,0,0,0,0,0,0,24,09,0,0,,长江师范学院,1094
633577,奇瑞汽车股份有限公司,奇瑞汽车股份有限公司,12:30,2024-09-24,大学生创业就业中心宣讲室（一）,,国有企业,10000人以上,制造业,芜湖市,"新能源汽车技术,汽车制造与装配技术,汽车制造与试验技术,汽车智能技术,汽车检测与维修技术",,1727157600,1727152200,0,50685,14,0,1,0,0,0,24,09,0,0,,重庆工商职业学院,473
629694,远大生命科学集团有限公司,远大生命科学集团有限公司,14:30,2024-09-23,411教室/第一教学楼,,其他企业（含民营企业等）,5000-10000人,制造业,北京市,不限专业,,1727078400,1727073000,0,590074,0,1,0,0,0,0,23,09,0,0,,重庆医科大学,3311
631057,常州市卫生健康委员会,江苏省常州市卫生健康委员会2024年校园招聘宣讲会（重庆医科大学站）,14:30,2024-09-19,411教室/第一教学楼,,机关,10000人以上,卫生和社会工作,常州市,临床医学,,1726732800,1726727400,0,613444,0,1,0,0,0,0,19,09,0,0,,重庆医科大学,3333
626075,中国移动通信集团重庆有限公司,重庆移动2025校园招聘,14:30,2024-09-12,崇礼楼214,,国有企业,1000-5000人,信息传输、软件和信息技术服务业,重庆市,不限专业,,1726128000,1726122600,0,16443,3,1,0,0,0,0,12,09,0,0,,长江师范学院,1350
626943,普米斯生物技术（珠海）有限公司,普米斯生物技术（珠海）有限公司,14:30,2024-09-12,411,,外商投资企业,150-500人,科学研究和技术服务业,珠海市,"免疫学,生物化学与分子生物学,细胞生物学,药物化学,药学,药物分析学,药剂学,药物制剂,微生物与生化药学",,1726128000,1726122600,0,352955,0,0,0,0,1,0,12,09,0,0,,重庆医科大学,2768
623260,克孜勒苏柯尔克孜自治州实验中学,克州实验中学校园招聘会,14:30,2024-05-29,崇仁楼玉衡学术报告厅,,中等、初等教育单位,1000-5000人,教育,克孜勒苏柯尔克孜自治州,"思想政治教育(师范),思想政治教育（师范）,思想政治教育,政治学与行政学,应用统计学,数学与应用数学",,1716969600,1716964200,0,605940,0,0,0,0,0,0,29,05,0,0,,长江师范学院,1365
621680,四川大学华西医院（四川省国际医院）,四川大学华西临床医学院2025年研究生招生宣讲,16:00,2024-05-16,场地二/一教205教室/袁家岗校区第一教学楼（原新教学楼）,,高等教育单位,10000人以上,教育,成都市,基础医学、临床医学、临床医学(儿科医学方向)(5+3),,1715853600,1715846400,0,374278,0,1,0,0,0,0,16,05,0,0,,重庆医科大学,4717
